target_year,question,group,construction,reference_papers,reference_questions,strict,central,generous
2010.07,26,5,半日では足りない,30,589,0.0999972274200284,0.14999999516190143,0.19999999999862614
2010.07,27,5,勧められるまま,30,589,0.7056728576023019,0.8170329423755767,0.8948523978411665
2010.07,28,5,不当として,30,589,0.6648399769821803,0.7946331523869632,0.8918467064759741
2010.07,29,5,ご理解いただきたく,30,589,0.719219701622056,0.8394657648268742,0.9243818054961714
2010.07,30,5,失礼極まりない,30,589,0.6648399769821803,0.7946331523869632,0.8896361676485673
2010.07,31,5,どうりではずだ,30,589,0.383912505249656,0.5707099806163874,0.736236721877589
2010.07,32,5,ことはないにしても,30,589,0.4414132196434389,0.5950836836013311,0.7509347892692105
2010.07,33,5,なくてはならないかというと,30,589,0.5906346234610091,0.7133874757704843,0.81804080208621
2010.07,34,5,などするものか,30,589,0.5722337900143369,0.7312466859997312,0.853103907419099
2010.07,35,5,しようとしたにすぎず,30,589,0.6058213498921509,0.7324221988264668,0.8360812945238152
2010.07,36,6,主人が魚屋も経営しているだけあって,30,589,0.6105986090895781,0.7568664581423943,0.8726370118437305
2010.07,37,6,ミスをしたばかりに君にまで残業してもらう,30,589,0.4357226363613591,0.5985391521478954,0.7703910715239654
2010.07,38,6,伝わっていないことからしておかしい,30,589,0.5330194280190053,0.6677280641033059,0.7888018996934804
2010.07,39,6,年が近いこともあって同世代ならではの話,30,589,0.5684798746672357,0.7058088991351953,0.8391625250298163
2010.07,40,6,わかるというような意味だったと思う,30,589,0.668741010723388,0.7821518929152025,0.8786715086185573
2010.07,41,7,その結果,30,589,0.09949740821276833,0.14997190945130082,0.1999993921943841
2010.07,42,7,親しまれることになる,30,589,0.3256390243642345,0.5096145868392319,0.6848611745426232
2010.07,43,7,そういう父親の子ども,30,589,0.8667856964196985,0.9549550384588577,0.9884607826497782
2010.07,44,7,父ではない,30,589,0.6016479196377007,0.7235945739804669,0.8299539317400676
2010.07,45,7,対等の関係,30,589,0.47365364819468564,0.5727789198986476,0.676977443235472
2010.12,26,5,を機に,30,589,0.5906346234610091,0.7133874757704843,0.81804080208621
2010.12,27,5,受け入れられはしない,30,589,0.6861431880804354,0.7917205511985865,0.8771805110842826
2010.12,28,5,いっさい使用していない,30,589,0.6714229710618735,0.7857812147943284,0.8756681749349621
2010.12,29,5,身が引き締まる思い,30,589,0.5906346234610091,0.7133874757704843,0.81804080208621
2010.12,30,5,おわび申し上げます,30,589,0.6536464768424964,0.7782720955565003,0.8774667022747109
2010.12,31,5,困るじゃないか,30,589,0.6642427717092863,0.8008719332108267,0.897306506456498
2010.12,32,5,となりつつある,30,589,0.5906346234610091,0.7133874757704843,0.81804080208621
2010.12,33,5,刺されでもしたら,30,589,0.9323323583816936,0.985730402661099,0.9979786159002744
2010.12,34,5,ほどのことではない,30,589,0.5906346234610091,0.7133874757704843,0.81804080208621
2010.12,35,5,言うべきではないのでしょうか,30,589,0.4200888759366428,0.5707099806163876,0.7219210078410803
2010.12,36,6,私があるのも監督あってのこと,30,589,0.6627589996843959,0.7823156807431023,0.8836125083781144
2010.12,37,6,からには責任感の強い彼の性格からして,30,589,0.5389540939081708,0.6821767737055257,0.8057701900549169
2010.12,38,6,冗談だってことぐらいわかるだろうに,30,589,0.6381818128042624,0.7756162571564873,0.8858798941989428
2010.12,39,6,というより人気と知名度によるところが大きい,30,589,0.3583133225632425,0.4908779095982986,0.6370141905146041
2010.12,40,6,水やりを忘れさえしなければ,30,589,0.24239874217184776,0.3984954299917608,0.5498495394756836
2010.12,41,7,通う人もいるほどだ,30,589,0.509198637498961,0.6431296183082398,0.7697020274174794
2010.12,42,7,はたして健全なのだろうか,30,589,0.44297596759575686,0.6065473205861642,0.7555160276040841
2010.12,43,7,とはいえ,30,589,0.6609395448778848,0.7758127671073827,0.8658036322651126
2010.12,44,7,それにつまずいてしまった,30,589,0.6334473151777321,0.7617692504336091,0.8656632358908245
2010.12,45,7,してしまうだけである,30,589,0.6016479196377007,0.7235945739804669,0.8299539317400676
2011.07,26,5,とあって,30,589,0.5906346234610091,0.7133874757704843,0.81804080208621
2011.07,27,5,につけ,30,589,0.5906346234610091,0.7133874757704843,0.81804080208621
2011.07,28,5,に、にと,30,589,0.5906346234610091,0.7133874757704843,0.81804080208621
2011.07,29,5,答えさせられたあげく,30,589,0.4283981148035042,0.5712047734125372,0.7229519565335951
2011.07,30,5,ではないか,30,589,0.7255941819529867,0.852848223531423,0.9330609519554711
2011.07,31,5,お出しする以上,30,589,0.5503557440557376,0.6857425036862805,0.8154984328999403
2011.07,32,5,でしかないことに,30,589,0.5008250612586269,0.6569789216501418,0.8014521950042135
2011.07,33,5,思えるくらい,30,589,0.8160602794142788,0.9244497588649753,0.9753745004128304
2011.07,34,5,待っていただくわけにはいきませんか,30,589,0.5730024049187203,0.7178391185430866,0.8365482584891122
2011.07,35,5,つもりだったかっていうと,30,589,0.5420738724068987,0.6916720870467299,0.823185594302914
2011.07,36,6,ということのないように,30,589,0.6174292644572156,0.7270142885488865,0.8305752293041564
2011.07,37,6,犠牲にしてまでとなると,30,589,0.5002595012215375,0.6343697508762336,0.7620573943469211
2011.07,38,6,自分には責任がなくても自分の責任だとして,30,589,0.6648399769821803,0.7946331523869632,0.8896361676485673
2011.07,39,6,今でこそ一流企業と言われる我が社だが,30,589,0.5350082269858092,0.67299790384918,0.8000422738277522
2011.07,40,6,悩んでいるのかと思いきやそうでもない,30,589,0.5281152041081802,0.6856705180929437,0.819985541640085
2011.07,41,7,入るのはいい,30,589,0.6648399769821803,0.7946331523869632,0.8896361676485673
2011.07,42,7,やめてほしいのだ,30,589,0.5354577789945346,0.6505547683747862,0.7590841561842431
2011.07,43,7,たしかに…ことは間違いない,30,589,0.38964455538439285,0.5354861971723088,0.6925919294810858
2011.07,44,7,見させてしまう,30,589,0.4492967148214376,0.6129967492553032,0.7810255834919294
2011.07,45,7,ぼくだけじゃない、みんな,30,589,0.5906346234610091,0.7133874757704843,0.81804080208621
2011.12,26,5,を受けて,30,589,0.6648399769821803,0.7946331523869632,0.8896361676485673
2011.12,27,5,ことと致します,30,589,0.383912505249656,0.5707099806163874,0.736236721877589
2011.12,28,5,ゆえに,30,589,0.6648399769821803,0.7946331523869632,0.8896361676485673
2011.12,29,5,といったところ,30,589,0.5906346234610091,0.7133874757704843,0.81804080208621
2011.12,30,5,ならではの,30,589,0.6648399769821803,0.7946331523869632,0.8896361676485673
2011.12,31,5,しないでもない,30,589,0.7255941819529867,0.852848223531423,0.9330609519554711
2011.12,32,5,わけじゃあるまいし,30,589,0.099588512647549,0.14997987224232584,0.19999963134725882
2011.12,33,5,お聞かせ願えますか,30,589,0.7753355179413892,0.8945611447537093,0.9593994150290162
2011.12,34,5,くらいはいいとしても,30,589,0.6347153489839588,0.7648074933262567,0.8669500927990917
2011.12,35,5,受け入れがたい,30,589,0.24071580272320825,0.3979002034020895,0.5497519325331587
2011.12,36,6,レストランだからといって必ずしもおいしいというわけではない,30,589,0.2628799950255471,0.4366311782039146,0.6326307960817129
2011.12,37,6,ことが多いのみならず授業に取り組む姿勢そのものも,30,589,0.6401549778607117,0.7647566359614963,0.861364985061624
2011.12,38,6,不在ならこの書類を預けてくればいいだけのこと,30,589,0.5350082269858092,0.6721137635004706,0.7957422835339407
2011.12,39,6,増税は避けようのないものとして,30,589,0.6238911307777969,0.751220672866328,0.8576673942320889
2011.12,40,6,他人を眺めるがごとく,30,589,0.5564932604795431,0.6966582023260107,0.8170357447816615
2011.12,41,7,君から借りた,30,589,0.09999999906990303,0.14999999999999217,0.2
2011.12,42,7,一方,30,589,0.7390466085534777,0.8531451454948736,0.9263423277703152
2011.12,43,7,貸したままなのは,30,589,0.3644759780013217,0.4535108042695066,0.5298149368742794
2011.12,44,7,あれ以来,30,589,0.6946146838622429,0.8137625774252213,0.9027840679348399
2011.12,45,7,しましょうか,30,589,0.09999999923850102,0.1499999999999944,0.2
2012.07,26,5,40代も後半,30,589,0.2953173117305046,0.4637018592508148,0.6544326416689681
2012.07,27,5,使いようによっては,30,589,0.383912505249656,0.5707099806163874,0.736236721877589
2012.07,28,5,見えざる,30,589,0.09863381387763537,0.1498512748694,0.19999259541175482
2012.07,29,5,まず間違いない,30,589,0.23614960520470824,0.39591015468695884,0.5495910058908501
2012.07,30,5,ご変更願いたい,30,589,0.7753355179413892,0.8945611447537093,0.9593994150290162
2012.07,31,5,続けていってほしいものです,30,589,0.40920248954102134,0.5578287582418406,0.7055685894892632
2012.07,32,5,いたしかねます,30,589,0.4645265993464658,0.5964536530159802,0.7224786270158835
2012.07,33,5,引き出そうとしたとして,30,589,0.33241998849109017,0.5165115490515261,0.7117089341188539
2012.07,34,5,別れさせられそうになる,30,589,0.3648465940507727,0.45356379947288966,0.5298180488648271
2012.07,35,5,もらってやってください,30,589,0.4459291407130619,0.6063793544049118,0.7556651909271365
2012.07,36,6,どんな悪人であろうとどこかに,30,589,0.3876677589706946,0.5814647440899111,0.767519532023213
2012.07,37,6,使う人の使い方次第で決まるもの,30,589,0.383912505249656,0.5707099806163874,0.736236721877589
2012.07,38,6,上がろうと下がろうとたばこを吸わない私にとっては,30,589,0.5906346234610091,0.7133874757704843,0.81804080208621
2012.07,39,6,だけがただっていうじゃないか,30,589,0.5867508448532783,0.7283515768002555,0.8539785853262017
2012.07,40,6,ことを深くおわび申し上げますとともに…ますよう,30,589,0.5494730112280877,0.6869491860838227,0.8054325465427957
2012.07,41,7,そうだろうか,30,589,0.6129121619565209,0.7262596052525946,0.8304797618424085
2012.07,42,7,しなければ,30,589,0.7753355179413892,0.8945611447537093,0.9593994150290162
2012.07,43,7,こと,30,589,0.1937527195404778,0.2844300308659095,0.37876012684092936
2012.07,44,7,なぜならば,30,589,0.3250360809743884,0.40413956205084883,0.4705994558401714
2012.07,45,7,ではないか,30,589,0.5906346234610091,0.7133874757704843,0.81804080208621
2012.12,26,5,にともなって,30,589,0.07255941819529868,0.12792723352971344,0.18661219039109422
2012.12,27,5,お届けに上がりたい,30,589,0.7002634577416087,0.810105493012944,0.8872657223636351
2012.12,28,5,君も君だ,30,589,0.4209863945000704,0.5472778205489355,0.6940000134163733
2012.12,29,5,帰るべく,30,589,0.5906346234610091,0.7133874757704843,0.81804080208621
2012.12,30,5,雨だろうと雪だろうと,30,589,0.5906346234610091,0.7133874757704843,0.81804080208621
2012.12,31,5,子供のためを思って,30,589,0.09999661356317546,0.1499999932478895,0.19999999999773493
2012.12,32,5,疑いようがないものの,30,589,0.5350082269858092,0.6729618035126519,0.8170206036264159
2012.12,33,5,から言わせてもらえば,30,589,0.3876677589706946,0.5814647440899111,0.767519532023213
2012.12,34,5,間に合いそうになかったら,30,589,0.5906346234610091,0.7133874757704843,0.81804080208621
2012.12,35,5,といいましょうか,30,589,0.09999995842356404,0.14999999999558822,0.19999999999999996
2012.12,36,6,やめたいがスタッフ不足からやめるにやめられず,30,589,0.26521959080964064,0.48071387460978715,0.7022696402972379
2012.12,37,6,虫についてだったら人よりも詳しく知っているつもりの私でも,30,589,0.4321459850384173,0.6357065219095706,0.8006725508837106
2012.12,38,6,自体がすでに才能なのであって…あればこそ,30,589,0.5906346234610091,0.7133874757704843,0.81804080208621
2012.12,39,6,仲間だとでも思っていたのだろうか,30,589,0.4870619427321927,0.6322377382174815,0.7958971973171248
2012.12,40,6,現代にあっては…理解しようとする姿勢,30,589,0.4747536730972782,0.648500731376626,0.7915833831039298
2012.12,41,7,大人のもの,30,589,0.6416669081202703,0.7728343779904541,0.8733450623839206
2012.12,42,7,そういう雰囲気,30,589,0.8667856964196985,0.9549550384588577,0.9884607826497782
2012.12,43,7,そして,30,589,0.3446311527273954,0.420571924956598,0.4809752140206588
2012.12,44,7,思わされた,30,589,0.5906346234610091,0.7133874757704843,0.81804080208621
2012.12,45,7,というものである,30,589,0.6648399769821803,0.7946331523869632,0.8896361676485673
2013.07,26,5,をもって,30,589,0.7255941819529867,0.852848223531423,0.9330609519554711
2013.07,27,5,だけでも,30,589,0.4080301397071394,0.600892343262234,0.7802996003302644
2013.07,28,5,はたして,30,589,0.5906346234610091,0.7133874757704843,0.81804080208621
2013.07,29,5,幸いに存じます,30,589,0.7668091995436808,0.8806597868549382,0.948870070435988
2013.07,30,5,取っといて,30,589,0.7255941819529867,0.852848223531423,0.9330609519554711
2013.07,31,5,ご覧になった上で,30,589,0.3459025882236165,0.5273032636996248,0.7094907921889017
2013.07,32,5,夢を夢で終わらせない,30,589,0.6205445695902417,0.7651137554190738,0.8897367897908057
2013.07,33,5,やるとするか,30,589,0.2953173117305046,0.4637018592508148,0.6544326416689681
2013.07,34,5,思わせてくれた,30,589,0.5705849106570475,0.7308639224044934,0.8739566891113123
2013.07,35,5,にもほどがある,30,589,0.5906346234610091,0.7133874757704843,0.81804080208621
2013.07,36,6,捕まえてごらんというようなあの憎らしい表情,30,589,0.8837769787155005,0.9651840847430726,0.9925553445467713
2013.07,37,6,使いにくいと言いながらも毎日使っているところを見ると,30,589,0.4814894538230863,0.6362123370276149,0.7851039179498608
2013.07,38,6,もさることながら俳優の演技力によるところが大きい,30,589,0.5002595012215375,0.6343697508762336,0.7620573943469211
2013.07,39,6,人間からすれば職場まで歩いて数分なんて人,30,589,0.4495258705013362,0.6319343026820716,0.7956042466667037
2013.07,40,6,与えた影響は少なからぬものがある,30,589,0.6154934719197838,0.7374274400433664,0.841559042264276
2013.07,41,7,気にかかるといっても,30,589,0.33241998849109017,0.5165115490515261,0.7117089341188539
2013.07,42,7,気が揉めるのである,30,589,0.9173505558892068,0.9800851726528544,0.9966673010385273
2013.07,43,7,朝だと思って頂きたい,30,589,0.5350082269858092,0.6721137635004706,0.7957422835339407
2013.07,44,7,すると,30,589,0.33241998849109017,0.5165115490515261,0.7117089341188539
2013.07,45,7,いつごろになろうか,30,589,0.09999999971986018,0.14999999999999894,0.2
2013.12,26,5,時期が時期だけに,30,589,0.5906346234610091,0.7133874757704843,0.81804080208621
2013.12,27,5,かつ,30,589,0.26521959080964064,0.48071387460978715,0.7022696402972379
2013.12,28,5,危険極まりない,30,589,0.6648399769821803,0.7946331523869632,0.8896361676485673
2013.12,29,5,思われる,30,589,0.6096356912565818,0.7373918802253531,0.8420144017669389
2013.12,30,5,とあっては,30,589,0.5906346234610091,0.7133874757704843,0.81804080208621
2013.12,31,5,言わせると,30,589,0.3627970909764934,0.554351345295425,0.7464487615643769
2013.12,32,5,かと思いきや,30,589,0.5906346234610091,0.7133874757704843,0.81804080208621
2013.12,33,5,といったらない,30,589,0.3876677589706946,0.5814647440899111,0.767519532023213
2013.12,34,5,おっしゃってくださいませんか,30,589,0.509944985838265,0.6660364490874424,0.814115590328982
2013.12,35,5,どうしたものか,30,589,0.09999996596009329,0.14999999999683883,0.19999999999999998
2013.12,36,6,供給源としてのみではなく水や空気を育む環境資源,30,589,0.7753355179413892,0.8945611447537093,0.9593994150290162
2013.12,37,6,どういうチームだろうと精一杯,30,589,0.4321459850384173,0.6357065219095706,0.8006725508837106
2013.12,38,6,かかっている分ほかの店のものとは比べ物にならない,30,589,0.6707156471215443,0.7641167711437744,0.8473174726022723
2013.12,39,6,行ったついでに一度会ってそれっきりだから,30,589,0.09999999999999531,0.15,0.2
2013.12,40,6,ぐらいの気持ちでしかなかった,30,589,0.5834468421507415,0.7040588290575726,0.811234257317239
2013.12,41,7,買ってきましょう,30,589,0.7753355179413892,0.8945611447537093,0.9593994150290162
2013.12,42,7,その上で,30,589,0.33241998849109017,0.5165115490515261,0.7117089341188539
2013.12,43,7,犬の礼儀作法,30,589,0.3252340716452101,0.4041523304820757,0.4705997689521553
2013.12,44,7,迎えてくれる,30,589,0.42575463980125494,0.5923093271648635,0.7466704973019452
2013.12,45,7,いたっていいんです,30,589,0.09999999937653736,0.14999999999999597,0.2
2014.07,26,5,働けるかぎり,30,589,0.5906346234610091,0.7133874757704843,0.8397548567599239
2014.07,27,5,浴びようとも,30,589,0.42470144702194945,0.6148128263584807,0.7880511035917127
2014.07,28,5,を最後に,30,589,0.2293376389723017,0.3920340690611418,0.5481670155711901
2014.07,29,5,それを,30,589,0.6648399769821803,0.7946331523869632,0.8896361676485673
2014.07,30,5,わかんないんだもん,30,589,0.5906346234610091,0.7133874757704843,0.8397548567599239
2014.07,31,5,実行してまいります,30,589,0.6185496607476235,0.7446700053984099,0.8487873662130692
2014.07,32,5,といっても過言ではない,30,589,0.25818104653817786,0.4376878546960714,0.6339748864471678
2014.07,33,5,あったらあったで,30,589,0.5906346234610091,0.7133874757704843,0.81804080208621
2014.07,34,5,知らされておらず,30,589,0.9445984208188329,0.9897753867173971,0.9987739685684607
2014.07,35,5,としか言いようがない,30,589,0.5906346234610091,0.7133874757704843,0.81804080208621
2014.07,36,6,今日こそ何も起きませんように,30,589,0.5906346234610091,0.7133874757704843,0.81804080208621
2014.07,37,6,1枚選ぶだけのことなのに4時間もかかるとは,30,589,0.39129543804291855,0.5441299243918185,0.7104499481669351
2014.07,38,6,一人でやるのは新入社員の田中さんには,30,589,0.893168313303444,0.9681964318691705,0.9932227604657705
2014.07,39,6,といったら近所のスーパーに行く程度のもので,30,589,0.9445984208188329,0.9897753867173971,0.9987739685684607
2014.07,40,6,に至った経緯及び今後の対応,30,589,0.43091506941303015,0.46201825338499064,0.4969677231323309
2014.07,41,7,そんな日には,30,589,0.8646803180956921,0.954341449077282,0.9883628080273259
2014.07,42,7,嬉しそうにこういった,30,589,0.09994431124260778,0.14999928196250664,0.19999999751603736
2014.07,43,7,全然悪くなかったのだ,30,589,0.9173505558892068,0.9800851726528544,0.9966673010385273
2014.07,44,7,彼,30,589,0.5238349710761737,0.6328532473164726,0.7269321127176694
2014.07,45,7,出会えたと思った,30,589,0.6648399769821803,0.7946331523869632,0.8896361676485673
2014.12,26,5,花という花,30,589,0.0983313365019837,0.14979243735981213,0.19998779189785937
2014.12,27,5,どうやらようだ,30,589,0.5906346234610091,0.7133874757704843,0.81804080208621
2014.12,28,5,を受けて,30,589,0.6648399769821803,0.7946331523869632,0.8896361676485673
2014.12,29,5,着られなくはなかった,30,589,0.6887734516676496,0.8210945483617177,0.9120065110793966
2014.12,30,5,頂戴した,30,589,0.5893466470533308,0.7249403647045156,0.8456865637498527
2014.12,31,5,謝ればいいものを,30,589,0.6980836976617836,0.8308094292139675,0.9199903390096986
2014.12,32,5,入るか入らないか,30,589,0.2293376389723017,0.3920340690611418,0.5481670155711901
2014.12,33,5,揺られながらにしては,30,589,0.4820418641873536,0.6187160666958137,0.7724483918613056
2014.12,34,5,悔やまれてならない,30,589,0.3012606233592349,0.3812182334426203,0.4534930300054987
2014.12,35,5,買わなくて済みそうだ,30,589,0.39129543804291855,0.5305819351042977,0.6871542737524163
2014.12,36,6,不器用な主人公をその確かな表現力で見事なまでに,30,589,0.6243488005328368,0.7400433233263819,0.8455025805102366
2014.12,37,6,なくして会社の成長など望みようもない,30,589,0.5372305690261323,0.6903505438188775,0.8208599553798023
2014.12,38,6,からといってより丈夫になるかというとそういう,30,589,0.42313658774619217,0.5816153650809425,0.742348461358356
2014.12,39,6,をもって解散するバンドが6枚目にして最後となるCD,30,589,0.45910693989562307,0.6304752355105799,0.7811294290007886
2014.12,40,6,するのではないかと見られていたX社が,30,589,0.5237797306663475,0.672672018241542,0.8097936808856913
2014.12,41,7,子供ながらに感じた,30,589,0.09999999971986018,0.14999999999999894,0.2
2014.12,42,7,ないのかもしれない,30,589,0.4014051480543609,0.5473615006511433,0.6991943149159221
2014.12,43,7,そこで,30,589,0.5906346234610091,0.7133874757704843,0.81804080208621
2014.12,44,7,助かった,30,589,0.6648399769821803,0.7946331523869632,0.8896361676485673
2014.12,45,7,牛も,30,589,0.1698805788087798,0.3381470544971644,0.5516357725141988
2015.07,26,5,まるで興味がない,30,589,0.4383507590145984,0.6247872883552547,0.7927526279786437
2015.07,27,5,何をもって,30,589,0.7255941819529867,0.852848223531423,0.9330609519554711
2015.07,28,5,見ていなければ,30,589,0.7765941392463176,0.8998746321622632,0.9651835124387035
2015.07,29,5,認めようとはしなかった,30,589,0.7267332927262128,0.8628534611948422,0.946425212527742
2015.07,30,5,思い出される,30,589,0.5706358401949987,0.7097652658014789,0.8281912777699333
2015.07,31,5,出てからでは遅い,30,589,0.09998875663379106,0.14999995010827685,0.19999999995450465
2015.07,32,5,とでもいうべき,30,589,0.5906346234610091,0.7133874757704843,0.81804080208621
2015.07,33,5,作れるものだ,30,589,0.2953173117305046,0.4637018592508148,0.6544326416689681
2015.07,34,5,頼んじゃわないか,30,589,0.6648399769821803,0.7946331523869632,0.8896361676485673
2015.07,35,5,見ていただけると助かる,30,589,0.7022167603337363,0.8349754357706989,0.9323147894901321
2015.07,36,6,メールの書き方ひとつにしてもそうで,30,589,0.4200888759366428,0.5707099806163876,0.7235495619416089
2015.07,37,6,働いたことがない学生が言っても,30,589,0.383912505249656,0.5707099806163874,0.736236721877589
2015.07,38,6,少しでもお役に立てば著者として,30,589,0.6648399769821803,0.7946331523869632,0.8896361676485673
2015.07,39,6,相手が言っていることに反論したくなっても,30,589,0.6648399769821803,0.7946331523869632,0.8896361676485673
2015.07,40,6,家族へのおみやげにと,30,589,0.33241998849109017,0.5165115490515261,0.7117089341188539
2015.07,41,7,である,30,589,0.5906346234610091,0.7133874757704843,0.81804080208621
2015.07,42,7,すなわち,30,589,0.24771054513890822,0.3997963785917857,0.5499925090115892
2015.07,43,7,なってきたのだ,30,589,0.7568450922062969,0.8813392379700825,0.9540344746416374
2015.07,44,7,こうして,30,589,0.6859477011518853,0.7965174627148393,0.8788185365111391
2015.07,45,7,一冊といえる,30,589,0.2040150698535697,0.3697799035459901,0.5364559752270568
2015.12,26,5,大人は大人で,30,589,0.5906346234610091,0.7133874757704843,0.81804080208621
2015.12,27,5,していただけあって,30,589,0.5834529922062853,0.7340882538663823,0.8548050767075134
2015.12,28,5,いっさい認められていない,30,589,0.6861431880804354,0.7917205511985865,0.8771805110842826
2015.12,29,5,にしてみれば,30,589,0.3627970909764934,0.554351345295425,0.7464487615643769
2015.12,30,5,存じ上げています,30,589,0.7668091995436808,0.8806597868549382,0.948870070435988
2015.12,31,5,済むものなら,30,589,0.24582834125495923,0.3994464996261657,0.5499664277191133
2015.12,32,5,言われるに決まっている,30,589,0.6602689927421742,0.7608911277515185,0.8467163002868904
2015.12,33,5,でいいから,30,589,0.09999995842356404,0.14999999999558822,0.19999999999999996
2015.12,34,5,といえるだろうか,30,589,0.33241998849109017,0.5367366868522255,0.7195495612717622
2015.12,35,5,てばかりいても始まらない,30,589,0.2953173117305046,0.4637018592508148,0.6544326416689681
2015.12,36,6,には詳細な調査をする必要があるとの報告,30,589,0.8837769787155005,0.9651840847430726,0.9925553445467713
2015.12,37,6,続けてこられたのは…信頼できる仲間がいたから,30,589,0.9546410233552938,0.9926737444445063,0.9992563743470001
2015.12,38,6,町の様子しか知らない私にとっては…かのような,30,589,0.4503037814155299,0.6070024728110398,0.7573520784396783
2015.12,39,6,許してやるもんかなんて気持ち,30,589,0.433216505938847,0.6046164031678184,0.7698224260388249
2015.12,40,6,鑑賞にたえるようなアニメ映画を…と考えて,30,589,0.2720681849997897,0.3662728855071422,0.4522802239402666
2015.12,41,7,そんな彼女の,30,589,0.8667856964196985,0.9549550384588577,0.9884607826497782
2015.12,42,7,じゃあねはないだろう,30,589,0.09999999830525283,0.1499999999999787,0.2
2015.12,43,7,当時,30,589,0.6473792783938134,0.7837062852059242,0.8821377173960713
2015.12,44,7,聞くだけだった,30,589,0.6676423674068627,0.8118059609314521,0.9094001897538246
2015.12,45,7,育ち続けるに違いない,30,589,0.1304960097963055,0.2365177029786622,0.35322798761352836
2016.07,26,5,果たして,30,589,0.5906346234610091,0.7133874757704843,0.81804080208621
2016.07,27,5,しようと,30,589,0.47163621826944135,0.6822785788251384,0.8397548567599239
2016.07,28,5,ともなれば,30,589,0.4321459850384173,0.6357065219095706,0.8006725508837106
2016.07,29,5,するもしないも,30,589,0.4321459850384173,0.6357065219095706,0.8006725508837106
2016.07,30,5,作ってみせる,30,589,0.5906346234610091,0.7133874757704843,0.81804080208621
2016.07,31,5,といったところだ,30,589,0.5906346234610091,0.7133874757704843,0.81804080208621
2016.07,32,5,であるがゆえの,30,589,0.6648399769821803,0.7946331523869632,0.8896361676485673
2016.07,33,5,つかもうとしたものの,30,589,0.6347153489839588,0.7648074933262567,0.8669500927990917
2016.07,34,5,頑張ってもらうしかない,30,589,0.5052610876562378,0.6648140574818004,0.8068163101033126
2016.07,35,5,回復されますように,30,589,0.4321459850384173,0.6357065219095706,0.8006725508837106
2016.07,36,6,行っても誰かしら友達に会うので,30,589,0.6648399769821803,0.7946331523869632,0.8896361676485673
2016.07,37,6,どうだってかまわないとか本心とは違うことを,30,589,0.7613409700885583,0.875545291471034,0.951943798277211
2016.07,38,6,か否かだけでなくいつのデータかを,30,589,0.5281997052945335,0.6671340227631084,0.7936756270982083
2016.07,39,6,これ以上きれいにしようがないくらい,30,589,0.5821535699301368,0.7147336513143879,0.8413299952027526
2016.07,40,6,と実感できるまでに至らない企業もまだ多いというのが,30,589,0.3251686757939994,0.5074958007009869,0.6858516549122289
2016.07,41,7,飛び出してきたのだろう,30,589,0.5621828594759869,0.6968215504332624,0.8124674896780574
2016.07,42,7,いたらなあ,30,589,0.13296799539643608,0.2840813519783394,0.49819625388319766
2016.07,43,7,私だって,30,589,0.6098786170275072,0.725646015871019,0.8303817872199561
2016.07,44,7,なのに,30,589,0.24239874217184776,0.3984954299917608,0.5910383276937846
2016.07,45,7,あの若者だ,30,589,0.6648399769821803,0.7946331523869632,0.8896361676485673
2016.12,26,5,をよそに,30,589,0.07255941819529868,0.12792723352971344,0.18661219039109422
2016.12,27,5,読みもしないで,30,589,0.45719155269722844,0.611332818924627,0.757718690622259
2016.12,28,5,もっとも,30,589,0.13296799539643608,0.30990692943091563,0.5337817005891405
2016.12,29,5,覚えておいでになり,30,589,0.5947016505514282,0.7333617358275167,0.8477993633626786
2016.12,30,5,に越したことはない,30,589,0.5906346234610091,0.7133874757704843,0.81804080208621
2016.12,31,5,次第では,30,589,0.383912505249656,0.5707099806163874,0.736236721877589
2016.12,32,5,知られては困る,30,589,0.0999972274200284,0.14999999516190143,0.19999999999862614
2016.12,33,5,ばいいというものではない,30,589,0.5906346234610091,0.7133874757704843,0.8397548567599239
2016.12,34,5,なるものと思われる,30,589,0.383912505249656,0.5707099806163874,0.7464487615643769
2016.12,35,5,辞めさせてもらおうかと思って,30,589,0.4357647568679902,0.5950836836013311,0.7509347892692105
2016.12,36,6,馬が食べると酔ったような状態になることに由来する,30,589,0.6648399769821803,0.7946331523869632,0.8896361676485673
2016.12,37,6,仕事に夢中になりすぎる私に…気づかせてくれる,30,589,0.5619480148386551,0.7220389724362536,0.8547923156123276
2016.12,38,6,疑いがあるなどと報じられたことに対し,30,589,0.42352678956390377,0.461059475018326,0.496904332453225
2016.12,39,6,判断してのことだという,30,589,0.24490472450270423,0.399227528000987,0.5889893775020711
2016.12,40,6,取っただけで希望の職につけるほど,30,589,0.599122723082089,0.7284325320425162,0.8386194846448406
2016.12,41,7,こちらにいえるとは限らない,30,589,0.1813985454882467,0.3411392894125692,0.5131835235755091
2016.12,42,7,そういう時,30,589,0.8667856964196985,0.9549550384588577,0.9884607826497782
2016.12,43,7,トイレのことだ,30,589,0.09999999906990303,0.14999999999999217,0.2
2016.12,44,7,ところがである,30,589,0.5221860225068062,0.6323496247437579,0.7268650925839446
2016.12,45,7,認識させられる出来事だった,30,589,0.5564932604795431,0.6966582023260107,0.8170357447816615
2017.07,26,5,いる限り,30,589,0.5906346234610091,0.7133874757704843,0.8397548567599239
2017.07,27,5,でないとすれば,30,589,0.5906346234610091,0.7133874757704843,0.81804080208621
2017.07,28,5,なんら問題はない,30,589,0.5906346234610091,0.7133874757704843,0.81804080208621
2017.07,29,5,ことは否めない,30,589,0.09546410233552938,0.14890106166667594,0.19985127486940002
2017.07,30,5,ご説明なさいます,30,589,0.4383507590145984,0.6247872883552547,0.7927526279786437
2017.07,31,5,においてさえ,30,589,0.383912505249656,0.5707099806163874,0.736236721877589
2017.07,32,5,耐えぬいた末に,30,589,0.08160602794142789,0.1386674638297463,0.1950749000825661
2017.07,33,5,したつもりが,30,589,0.6648399769821803,0.7946331523869632,0.8896361676485673
2017.07,34,5,待つばかりとなった,30,589,0.08160602794142789,0.1386674638297463,0.1950749000825661
2017.07,35,5,読みきれっこない,30,589,0.7255941819529867,0.852848223531423,0.9330609519554711
2017.07,36,6,こともあって赤ちゃんを一目見ようという多くの人,30,589,0.6501986004124624,0.7786678488089397,0.8783875710030745
2017.07,37,6,改善なくして何の業績向上だ,30,589,0.5906346234610091,0.7133874757704843,0.81804080208621
2017.07,38,6,音楽を作る才能にかけては…作曲家,30,589,0.521939048516699,0.6285911596227904,0.7661844666378027
2017.07,39,6,開発したものには遠く及ばないにしろ,30,589,0.5438170409734081,0.6751903118105098,0.800410820314652
2017.07,40,6,描いては直すを繰り返すこと数十回,30,589,0.383912505249656,0.5707099806163874,0.736236721877589
2017.07,41,7,していたころでした,30,589,0.5564932604795431,0.6966582023260107,0.8170357447816615
2017.07,42,7,思って,30,589,0.0999999995820805,0.14999999999999794,0.2
2017.07,43,7,自分がもう一人いる,30,589,0.5906346234610091,0.7133874757704843,0.81804080208621
2017.07,44,7,聞いてます,30,589,0.6648399769821803,0.7946331523869632,0.8896361676485673
2017.07,45,7,いたいです,30,589,0.23625384938440364,0.4280324854622906,0.6135306015646574
2017.12,26,5,に先立ち,30,589,0.33241998849109017,0.5165115490515261,0.7117089341188539
2017.12,27,5,がゆえに,30,589,0.6648399769821803,0.7946331523869632,0.8896361676485673
2017.12,28,5,行くんなら,30,589,0.5906346234610091,0.7133874757704843,0.81804080208621
2017.12,29,5,花を咲かせた,30,589,0.7753355179413892,0.8945611447537093,0.9593994150290162
2017.12,30,5,お知らせ願います,30,589,0.7753355179413892,0.8945611447537093,0.9593994150290162
2017.12,31,5,至らないまでも,30,589,0.42470144702194945,0.6148128263584807,0.7880511035917127
2017.12,32,5,洗ったつもりでも,30,589,0.6648399769821803,0.7946331523869632,0.8896361676485673
2017.12,33,5,食べるんじゃなかった,30,589,0.5906346234610091,0.7133874757704843,0.81804080208621
2017.12,34,5,高まりつつある,30,589,0.5906346234610091,0.7133874757704843,0.81804080208621
2017.12,35,5,原因としている,30,589,0.6714229710618735,0.7857812147943284,0.8756085234848481
2017.12,36,6,ことから物事を始めてしまった以上…こと,30,589,0.4700467211710532,0.6188345056758738,0.7777537830004849
2017.12,37,6,あの時…はずと後悔するような生き方,30,589,0.6329817062401607,0.7428137645727432,0.8361748177532954
2017.12,38,6,ことによって…ことを目的に,30,589,0.5798830207975605,0.694965185406125,0.7952375421441951
2017.12,39,6,存続は難しいのではという危機感,30,589,0.8800133762744998,0.963886540305227,0.9922940008614584
2017.12,40,6,教育現場の長としてあるまじき行為,30,589,0.7753355179413892,0.8945611447537093,0.9593994150290162
2017.12,41,7,にとっても,30,589,0.2953173117305046,0.4690665229422827,0.6544326416689681
2017.12,42,7,ある日,30,589,0.6648399769821803,0.7946331523869632,0.8896361676485673
2017.12,43,7,よく思う,30,589,0.6116462379079871,0.7648774644022329,0.8805206564206787
2017.12,44,7,ただ,30,589,0.5906346234610091,0.7133874757704843,0.81804080208621
2017.12,45,7,母親に会いたくなって,30,589,0.2472036535179793,0.3997158234326825,0.5499876494480685
2018.07,26,5,と引きかえに,30,589,0.07255941819529868,0.12792723352971344,0.18661219039109422
2018.07,27,5,守るべく,30,589,0.5906346234610091,0.7133874757704843,0.81804080208621
2018.07,28,5,なにも怒らなくても,30,589,0.33241998849109017,0.5165115490515261,0.7117089341188539
2018.07,29,5,探すったって,30,589,0.5906346234610091,0.7566927093642839,0.8865574915406768
2018.07,30,5,なんと美しかったことか,30,589,0.2953173117305046,0.4637018592508148,0.6544326416689681
2018.07,31,5,そうかと思えば,30,589,0.33241998849109017,0.5165115490515261,0.7117089341188539
2018.07,32,5,のをいいことに,30,589,0.09972417177896195,0.14998966606464234,0.1999998643802356
2018.07,33,5,聞かせていただく,30,589,0.615395818480748,0.726699261256329,0.8305391864547996
2018.07,34,5,しかあるまい,30,589,0.7255941819529867,0.852848223531423,0.9330609519554711
2018.07,35,5,くれればよかったのに,30,589,0.6980836976617836,0.8308094292139675,0.9199903390096986
2018.07,36,6,引っ越しするのを機に…買えずにいたソファ,30,589,0.347755347540776,0.5376910108003766,0.7161680551805466
2018.07,37,6,であると言えば聞こえはいいが要するに,30,589,0.36241690432301893,0.5394974629811253,0.7145627032257551
2018.07,38,6,私ごとき新人に務まるのかと,30,589,0.5867508448532783,0.7185369525546945,0.8285651798049334
2018.07,39,6,得ることなしに進めたとして,30,589,0.5867508448532783,0.7185369525546945,0.8285651798049334
2018.07,40,6,現在における15歳未満の人口は,30,589,0.383912505249656,0.5707099806163874,0.7464487615643769
2018.07,41,7,消すように,30,589,0.09999999937653736,0.14999999999999597,0.2
2018.07,42,7,ひどいやつ,30,589,0.6648399769821803,0.7946331523869632,0.8896361676485673
2018.07,43,7,が,30,589,0.5696156750662121,0.7132531103248353,0.8421280916404562
2018.07,44,7,外すわけにもいかない,30,589,0.26593599079287217,0.4370482338128298,0.6227453173539971
2018.07,45,7,励ます,30,589,0.6648399769821803,0.7946331523869632,0.8896361676485673
2018.12,26,5,Tシャツにジーンズ,30,589,0.5906346234610091,0.7133874757704843,0.81804080208621
2018.12,27,5,ならではの,30,589,0.6648399769821803,0.7946331523869632,0.8896361676485673
2018.12,28,5,なかなか見事,30,589,0.24874352053192078,0.3999250918701356,0.5499983285345562
2018.12,29,5,見逃すところでした,30,589,0.5906346234610091,0.7133874757704843,0.81804080208621
2018.12,30,5,失われかねない,30,589,0.6602689927421742,0.7608911277515185,0.8467163002868904
2018.12,31,5,聞こうにも聞けない,30,589,0.3876677589706946,0.5814647440899111,0.767519532023213
2018.12,32,5,任されるまでになった,30,589,0.590937743396985,0.7068814440616948,0.8118899147481125
2018.12,33,5,やってみなきゃ,30,589,0.09966310265004573,0.14998557783141483,0.19999977640080968
2018.12,34,5,答えておけばいい,30,589,0.7255941819529867,0.852848223531423,0.9330609519554711
2018.12,35,5,失わせてしまうおそれがある,30,589,0.518311314137404,0.6613387601632349,0.8058434518178585
2018.12,36,6,苦しんでいるところを助けられた鶴が,30,589,0.61283557977748,0.7447071316017012,0.8587092235300816
2018.12,37,6,見なかったことにしてほうっておくわけにもいかず,30,589,0.33043450408881275,0.51755461893881,0.6990232043311896
2018.12,38,6,時代にあって…成長を続けている工作機械メーカー,30,589,0.6234222903760223,0.7276601891995291,0.8306262285138497
2018.12,39,6,専門家にして初めて書けるもの,30,589,0.6234222903760223,0.7276601891995291,0.8306262285138497
2018.12,40,6,決めたことならそれはそれでひとつの経験,30,589,0.4321459850384173,0.6357065219095706,0.8006725508837106
2018.12,41,7,見つけられなかった,30,589,0.6648399769821803,0.7946331523869632,0.8896361676485673
2018.12,42,7,一方で,30,589,0.7390466085534777,0.8531451454948736,0.9263423277703152
2018.12,43,7,その時のことである,30,589,0.561010993432514,0.6911035099091744,0.8091294357132344
2018.12,44,7,こうした装飾,30,589,0.7496869720649024,0.8628226717415888,0.9307409474626832
2018.12,45,7,持っているのだ,30,589,0.8224881688597548,0.9221710488142768,0.9701650114427302
2019.07,26,5,こそ逃したが,30,589,0.4321459850384173,0.6357065219095706,0.8006725508837106
2019.07,27,5,ことだから,30,589,0.3627970909764934,0.554351345295425,0.7464487615643769
2019.07,28,5,どうやらようだ,30,589,0.5906346234610091,0.7133874757704843,0.81804080208621
2019.07,29,5,ないものか,30,589,0.5906346234610091,0.7133874757704843,0.81804080208621
2019.07,30,5,書けてるじゃない,30,589,0.7255941819529867,0.852848223531423,0.9330609519554711
2019.07,31,5,とかで,30,589,0.09966310265004573,0.14998557783141483,0.19999977640080968
2019.07,32,5,何の説明にもなっておらず,30,589,0.383912505249656,0.5707099806163874,0.736236721877589
2019.07,33,5,来たり来なかったり,30,589,0.2953173117305046,0.4767798914321779,0.6907675788208917
2019.07,34,5,させられるところだった,30,589,0.5350082269858092,0.6721137635004706,0.7957422835339407
2019.07,35,5,なきゃいけないってわけじゃない,30,589,0.4200888759366428,0.5707099806163876,0.7219210078410803
2019.07,36,6,待たせることなく診察できるように,30,589,0.49044614227240513,0.629898788044792,0.7642163254351625
2019.07,37,6,野菜不足になりがちなだけに,30,589,0.24857299251920706,0.3741032609547853,0.4853362754418553
2019.07,38,6,きれいに洗うには…かといえばそうではなく,30,589,0.5906346234610091,0.7133874757704843,0.8397548567599239
2019.07,39,6,興味がある私としてはそれを知ったからには,30,589,0.47756840316008003,0.6456655796640881,0.7953960230279243
2019.07,40,6,育てた野菜を収穫して食べるということが,30,589,0.8084615855510489,0.9100677836939778,0.9671451879324692
2019.07,41,7,まず,30,589,0.33241998849109017,0.5165115490515261,0.7117089341188539
2019.07,42,7,別の顔,30,589,0.09999999948955196,0.1499999999999971,0.2
2019.07,43,7,いれば,30,589,0.7753355179413892,0.8945611447537093,0.9593994150290162
2019.07,44,7,わかってくるはずだ,30,589,0.4740969559783781,0.6111736600566657,0.7443664673899568
2019.07,45,7,しかしその一方で,30,589,0.7390466085534777,0.8531451454948736,0.9263423277703152
2019.12,26,5,を余儀なくされる,30,589,0.0999999813185031,0.14999999999883706,0.2
2019.12,27,5,そう簡単には直らない,30,589,0.4383507590145984,0.6247872883552547,0.7927526279786437
2019.12,28,5,を控えて,30,589,0.383912505249656,0.5707099806163874,0.7464487615643769
2019.12,29,5,でもあるまい,30,589,0.09546410233552938,0.14890106166667594,0.19985127486940002
2019.12,30,5,ことと存じます,30,589,0.7668091995436808,0.8806597868549382,0.948870070435988
2019.12,31,5,出ようとしたとたん,30,589,0.5040082660195534,0.6424925824111578,0.7861518473327413
2019.12,32,5,言うべきところを,30,589,0.3876677589706946,0.5814647440899111,0.767519532023213
2019.12,33,5,つけようがないだけに,30,589,0.5173303372869476,0.6562362445446305,0.7987657210420933
2019.12,34,5,くるんじゃなかった,30,589,0.5906346234610091,0.7133874757704843,0.81804080208621
2019.12,35,5,ないともかぎらない,30,589,0.24658453469408842,0.3996033996517334,0.5499796373823258
2019.12,36,6,読むことは読んだがあまり理解できた,30,589,0.5906346234610091,0.7133874757704843,0.81804080208621
2019.12,37,6,時間が惜しいくらい忙しい一日,30,589,0.9173505558892068,0.9800851726528544,0.9966673010385273
2019.12,38,6,についてならともかく,30,589,0.383912505249656,0.5707099806163874,0.736236721877589
2019.12,39,6,譲れないという何かしらのこだわりを持つこと,30,589,0.7161781263748779,0.8195322360202207,0.8984132608369871
2019.12,40,6,探したが売り切れているか残っていても,30,589,0.6648399769821803,0.7946331523869632,0.8896361676485673
2019.12,41,7,わたしにとって,30,589,0.4340532585956909,0.5814291252398985,0.7481491318129267
2019.12,42,7,もしかしたら,30,589,0.30903304661523134,0.449272399615255,0.6126801684608087
2019.12,43,7,否定しているわけではない,30,589,0.39129543804291855,0.5354861971723088,0.7025618017565115
2019.12,44,7,生まれるからだが,30,589,0.5906346234610091,0.7133874757704843,0.81804080208621
2019.12,45,7,なり得ないのだと思う,30,589,0.6795166468264966,0.7892412952296064,0.8765870218346499
2020.12,26,5,ならではの,30,590,0.6648399769821803,0.7946331523869632,0.8896361676485673
2020.12,27,5,ばかりに,30,590,0.5906346234610091,0.7133874757704843,0.81804080208621
2020.12,28,5,それが,30,590,0.6648399769821803,0.7946331523869632,0.8896361676485673
2020.12,29,5,をもってすれば,30,590,0.7255941819529867,0.852848223531423,0.9330609519554711
2020.12,30,5,てもいないうちから,30,590,0.33241998849109017,0.5165115490515261,0.7117089341188539
2020.12,31,5,しかたがないくせに,30,590,0.3277276675586672,0.41293986265948307,0.49402034340470513
2020.12,32,5,一度対戦している,30,590,0.8990517410026724,0.9722066195108794,0.9945053083333797
2020.12,33,5,お迎えにあがります,30,590,0.7002634577416087,0.810105493012944,0.8872657223636351
2020.12,34,5,どころではなかった,30,590,0.5906346234610091,0.7133874757704843,0.81804080208621
2020.12,35,5,無理ってもんだ,30,590,0.3627970909764934,0.554351345295425,0.7464487615643769
2020.12,36,6,語るうえで欠かせないイベントとして,30,590,0.49570425523029893,0.6409724032711769,0.7821760045150209
2020.12,37,6,奪ってまで無理にやらせる必要は,30,590,0.5350082269858092,0.6721137635004706,0.7966817625355885
2020.12,38,6,今日こそ何も起きませんように,30,590,0.5906346234610091,0.7133874757704843,0.81804080208621
2020.12,39,6,介護に携わる人材を確保することが,30,590,0.8084615855510489,0.9100677836939778,0.9671451879324692
2020.12,40,6,業績を伝えようと川北市が建設を進めていた記念美術館,30,590,0.661637720742313,0.7932223515829708,0.8896961601128198
2020.12,41,7,力である,30,590,0.6016479196377007,0.7235945739804669,0.8299539317400676
2020.12,42,7,あるとき,30,590,0.6648399769821803,0.7946331523869632,0.8896361676485673
2020.12,43,7,思えてきた,30,590,0.7753355179413892,0.8945611447537093,0.9593994150290162
2020.12,44,7,そういえば,30,590,0.09949740821276833,0.14997190945130082,0.1999993921943841
2021.07,26,5,～ならまだしも,30,590,0.4622885444298556,0.6147600783910803,0.7674575143521942
2021.07,27,5,な形容词词干＋極まりない,30,590,0.6648399769821803,0.7946331523869632,0.8896361676485673
2021.07,28,5,～を皮切りに,30,590,0.2293376389723017,0.3920340690611418,0.5481670155711901
2021.07,29,5,～だろうと～だろうと,30,590,0.5906346234610091,0.7133874757704843,0.81804080208621
2021.07,30,5,～てしまったばかりに,30,590,0.5350082269858092,0.6773278786532564,0.81135023105555
2021.07,31,5,～ようとするあまり,30,590,0.548477584844625,0.7006148251485766,0.8279730843319921
2021.07,32,5,～やってやれないことはない,30,590,0.6887734516676496,0.8210945483617177,0.9120065110793966
2021.07,33,5,～ということになりかねない,30,590,0.3720998127804358,0.5172059199336011,0.6697709067080844
2021.07,34,5,～にすぎない,30,590,0.5906346234610091,0.7133874757704843,0.81804080208621
2021.07,35,5,～した次第です,30,590,0.24582834125495923,0.3994464996261657,0.5889893775020711
2021.07,36,6,～てもらうまでもない,30,590,0.3719581971992888,0.5229991414738696,0.6945370523414791
2021.07,37,6,冗談だってことくらい～だろうに,30,590,0.6564815887339601,0.7859794514050602,0.8913116568173141
2021.07,38,6,～のみならず／取り組む姿勢そのものも,30,590,0.6633732939896677,0.7766508338461245,0.8658194612608393
2021.07,39,6,あと一歩というところで優勝を逃した選手たち,30,590,0.4303796591111162,0.46197752162967026,0.4969664426620466
2021.07,40,6,考えているのは／求めていることは何であって,30,590,0.5873933107504753,0.732539668625899,0.8500664279903725
2021.07,41,7,思ったのである,30,590,0.6211485574134074,0.7523155598238986,0.8589069953977253
2021.07,42,7,この箱のなかみなら,30,590,0.6473792783938134,0.7837062852059242,0.8821377173960713
2021.07,43,7,とはいえ,30,590,0.5906346234610091,0.7133874757704843,0.81804080208621
2021.07,44,7,こうして,30,590,0.6859477011518853,0.7965174627148393,0.8788185365111391
2021.12,26,5,～はどうであれ,30,590,0.3876677589706946,0.5814647440899111,0.767519532023213
2021.12,27,5,なんら～ない,30,590,0.5906346234610091,0.7133874757704843,0.81804080208621
2021.12,28,5,～ものを,30,590,0.7120992693813173,0.8393155511628516,0.9215899923711086
2021.12,29,5,～かと思いきや,30,590,0.5906346234610091,0.7133874757704843,0.81804080208621
2021.12,30,5,～ておいて／～といて,30,590,0.6572526695069904,0.7963380868486567,0.8953386335596956
2021.12,31,5,先生においでいただくからには,30,590,0.5139011552755256,0.6811479945726139,0.8210019495030522
2021.12,32,5,～どころではない,30,590,0.5469926251319293,0.6995607262072213,0.8271409326380987
2021.12,33,5,～にもほどがある,30,590,0.5906346234610091,0.7133874757704843,0.81804080208621
2021.12,34,5,どんなに～てもしきれない,30,590,0.4954068863813137,0.6517587404890492,0.8001331908486138
2021.12,35,5,～ようになるぐらいだ,30,590,0.4404971614592996,0.5184741474968863,0.5726872454751673
2021.12,36,6,Vるなり,30,590,0.5138907020314049,0.66157067742276,0.8022052991998825
2021.12,37,6,～主人公を／その確かな表現力で／見事なまでに,30,590,0.4175929912135844,0.5315700147121382,0.6388470798800414
2021.12,38,6,～んだったら／～ぐらいで／～ないで／～たらいい,30,590,0.4825961915254848,0.6298539576345928,0.784138269316222
2021.12,39,6,～のに／～となると／～てしまうのが,30,590,0.5941032467381002,0.7203882654848814,0.8410514231104468
2021.12,40,6,～している中で／このまま～ていては,30,590,0.5841802220689998,0.7468373130918253,0.8682072824740213
2021.12,41,7,～驚くほどだ,30,590,0.5906346234610091,0.7133874757704843,0.81804080208621
2021.12,42,7,片付けなくても,30,590,0.7753355179413892,0.8945611447537093,0.9593994150290162
2021.12,43,7,必要なプロセスなのだと,30,590,0.6552800639984097,0.7558797821631557,0.8383706060202873
2021.12,44,7,戻すことにしていこう,30,590,0.23953712834909135,0.42768309299672097,0.6279980410223233
2022.07,26,5,いっさい～ない,30,590,0.6648399769821803,0.7946331523869632,0.8896361676485673
2022.07,27,5,～と相まって,30,590,0.24582834125495923,0.3994464996261657,0.5499664277191133
2022.07,28,5,～につけ,30,590,0.5906346234610091,0.7133874757704843,0.81804080208621
2022.07,29,5,～そうにないぐらい,30,590,0.6058213498921509,0.7324221988264668,0.8360812945238152
2022.07,30,5,～ばいいかというと、そうではない,30,590,0.5906346234610091,0.7133874757704843,0.8397548567599239
2022.07,31,5,～しきれなくなったことから,30,590,0.503244536113979,0.6648140574818004,0.8087916948338284
2022.07,32,5,～見込みだ,30,590,0.5906346234610091,0.7133874757704843,0.81804080208621
2022.07,33,5,～てはいられない,30,590,0.5469926251319293,0.6995607262072213,0.8271409326380987
2022.07,34,5,～書くんだっけ,30,590,0.32523406986364917,0.40415233048202454,0.4705997689521553
2022.07,35,5,～泣かせるつもりはなかった,30,590,0.5873778653926524,0.730691455553171,0.8465499848557777
2022.07,36,6,応援してくれるファンがいる限り,30,590,0.5350082269858092,0.6721137635004706,0.8074127420292615
2022.07,37,6,市民を対象に／運動に関する意識調査,30,590,0.2823373651515725,0.36505425513481565,0.4452323575769583
2022.07,38,6,～のは～ばこそだったのだと,30,590,0.5847971565268663,0.7106300626412951,0.8305797396523849
2022.07,39,6,～発売されたレインコート／～もさることながら,30,590,0.6308940155087189,0.7601295269515076,0.8640933285215451
2022.07,40,6,～てもらおうと／～始めたコンテスト,30,590,0.6263880865371951,0.770713611740274,0.8822039413427089
2022.07,41,7,そうした保育園,30,590,0.8667856964196985,0.9549550384588577,0.9884607826497782
2022.07,42,7,ただ,30,590,0.509198637498961,0.6431296183082398,0.7697020274174794
2022.07,43,7,入学したとたん,30,590,0.4039625700982954,0.5550380274391735,0.7099720172490603
2022.07,44,7,たくましく思えます,30,590,0.6544248617953254,0.7915216406164338,0.8971977522578735
2022.12,26,5,～をも,30,590,0.3333666906701682,0.48063605985446867,0.6433175213970452
2022.12,27,5,いつか～たことがある,30,590,0.4215216333827589,0.5806628135788073,0.744097396668741
2022.12,28,5,～をもって,30,590,0.7255941819529867,0.852848223531423,0.9330609519554711
2022.12,29,5,誘われるまま,30,590,0.6385813605583301,0.7628111496376595,0.860841048418176
2022.12,30,5,～場合を除いて,30,590,0.099588512647549,0.14997987224232584,0.19999963134725882
2022.12,31,5,～とは存じますが,30,590,0.7255941819529867,0.852848223531423,0.9330609519554711
2022.12,32,5,～てからというもの,30,590,0.24582834125495923,0.3994464996261657,0.5499664277191133
2022.12,33,5,～っぱなしだった,30,590,0.24582834125495923,0.3994464996261657,0.5499664277191133
2022.12,34,5,～なんてもんじゃない,30,590,0.4080301397071394,0.600892343262234,0.7802996003302644
2022.12,35,5,～たかったものだ,30,590,0.30130059654545593,0.3812191206372836,0.4534930357403448
2022.12,36,6,～日もあれば～日もあり,30,590,0.5906346234610091,0.7133874757704843,0.81804080208621
2022.12,37,6,～ものとは思えないほどのデザイン,30,590,0.8225913747407237,0.9192174556417525,0.9709875976316238
2022.12,38,6,～こともあって／～という自覚,30,590,0.7524295621959427,0.8561297516668067,0.9340459741849387
2022.12,39,6,誰に何と言われようとも／これだと思える道,30,590,0.5823755217361473,0.7152665710777424,0.8316017426925347
2022.12,40,6,～か否かにかかっている,30,590,0.3278173117305012,0.4129437378852422,0.49402040104310496
2022.12,41,7,たしかに～でも,30,590,0.6098786170275072,0.725646015871019,0.8303817872199561
2022.12,42,7,そのためだ,30,590,0.5049312440786832,0.6096700951751353,0.688921646970768
2022.12,43,7,言語感覚すら,30,590,0.1813985454882467,0.3411392894125692,0.5131835235755091
2022.12,44,7,使者のようでもある,30,590,0.4816184971247742,0.6015300932948039,0.7300156676689282
2023.07,26,5,誇りに思う,30,590,0.33241998849109017,0.5165115490515261,0.7117089341188539
2023.07,27,5,～からしか～ない,30,590,0.7255941819529867,0.852848223531423,0.9330609519554711
2023.07,28,5,な形容词词干＋そのもの,30,590,0.4383507590145984,0.6357065219095706,0.8006725508837106
2023.07,29,5,～するうちに,30,590,0.2472036535179793,0.3997158234326825,0.5499876494480685
2023.07,30,5,～できずにいたところ,30,590,0.3662477503095397,0.559326824265943,0.7345558814354016
2023.07,31,5,～んじゃないかというぐらい,30,590,0.599084680657128,0.7418669729349244,0.868458282126848
2023.07,32,5,～なくもない,30,590,0.6887734516676496,0.8210945483617177,0.9120065110793966
2023.07,33,5,方がおいでくださいました,30,590,0.5497576222708628,0.7048050568997414,0.8393280725204452
2023.07,34,5,～したつもりになれる,30,590,0.6648399769821803,0.7946331523869632,0.8896361676485673
2023.07,35,5,～読めるんだもん,30,590,0.5906346234610091,0.7133874757704843,0.8397548567599239
2023.07,36,6,～反面／あまりに大きすぎるジェスチャー,30,590,0.4677750739908962,0.6117780774223944,0.7683542771513421
2023.07,37,6,アクセスが可能な環境／いながらにして,30,590,0.383912505249656,0.5707099806163874,0.736236721877589
2023.07,38,6,経験を積んだ昆虫学者／迷うほど判別が難しい,30,590,0.7266038153294381,0.848005323467569,0.9293561569001357
2023.07,39,6,～といえばうそになるが／～という気持ち,30,590,0.8767015180291968,0.9612112128542379,0.9909407849733045
2023.07,40,6,今でこそ～が／30年前までは,30,590,0.48355241234643254,0.6249521371853253,0.7610792807629501
2023.07,41,7,自作评价与自谦否定,30,590,0.5437564638400885,0.6843339301466989,0.8082163503282471
2023.07,42,7,褒めたり叱ったりする,30,590,0.23625384938440364,0.4280324854622906,0.6135306015646574
2023.07,43,7,否定できなくなる,30,590,0.5437564638400885,0.6843339301466989,0.8082163503282471
2023.07,44,7,一生の仕事とは,30,590,0.5596443778431635,0.7000371581620564,0.8359760600473851
2023.12,26,5,～を機に,30,590,0.5906346234610091,0.7133874757704843,0.81804080208621
2023.12,27,5,～あっての,30,590,0.4836582481348941,0.6507102556222414,0.7996977554055255
2023.12,28,5,Vては,30,590,0.383912505249656,0.5707099806163874,0.736236721877589
2023.12,29,5,～てばかりいたせいか,30,590,0.33241998849109017,0.5165115490515261,0.7117089341188539
2023.12,30,5,私個人といたしましては,30,590,0.5222298158879165,0.644230013539997,0.8001061564386651
2023.12,31,5,Vたはいいが,30,590,0.49926908352286425,0.670920858565282,0.8213040446839306
2023.12,32,5,不快な思いをした,30,590,0.5906346234610091,0.7133874757704843,0.81804080208621
2023.12,33,5,見えました,30,590,0.5995673954664505,0.7353620473794268,0.852042335198748
2023.12,34,5,～ようとしている,30,590,0.2472036535179793,0.3997158234326825,0.5499876494480685
2023.12,35,5,～ないほうがいいに決まっている,30,590,0.5906346234610091,0.7133874757704843,0.81804080208621
2023.12,36,6,～できないとの問い合わせ／調査したところ,30,590,0.6938089911340122,0.8104582256355667,0.8937095152494978
2023.12,37,6,さすが～だけあって,30,590,0.5906346234610091,0.7133874757704843,0.81804080208621
2023.12,38,6,～何だったのかも思い出せないほど,30,590,0.6568689376264822,0.7967912101685303,0.8954429275131551
2023.12,39,6,知る限りでは／～分析している論文,30,590,0.4405301397071366,0.5184748794324876,0.5726872502064152
2023.12,40,6,レシピに沿って／～だけで／～と評判,30,590,0.40667638360490777,0.4564998555937663,0.49617339414253236
2023.12,41,7,面白いものを選ばなければならない,30,590,0.3906027953241263,0.5527369038639082,0.7168141222374687
2023.12,42,7,～ということだ,30,590,0.7073623645475247,0.830782284450202,0.9151751674560733
2023.12,43,7,小説でもそうだ,30,590,0.7753355179413892,0.8945611447537093,0.9593994150290162
2023.12,44,7,～アプローチかもしれない,30,590,0.5122143720048337,0.6593628897959556,0.7935134611597571
2024.07,26,5,V连用形＋はする,30,590,0.6014662020075255,0.7458980063359978,0.8604268754255144
2024.07,27,5,～にして,30,590,0.4321459850384173,0.6357065219095706,0.8006725508837106
2024.07,28,5,お越しになる際は,30,590,0.4383507590145984,0.6247872883552547,0.7927526279786437
2024.07,29,5,～かどうかはともかく,30,590,0.2396548034326807,0.36582597352842783,0.47964645635807035
2024.07,30,5,あたかも～かのごとく,30,590,0.4321459850384173,0.6357065219095706,0.8006725508837106
2024.07,31,5,～始末だ,30,590,0.2953173117305046,0.4637018592508148,0.6544326416689681
2024.07,32,5,～だけのことだ,30,590,0.4321459850384173,0.6357065219095706,0.8006725508837106
2024.07,33,5,～悩まされることはない,30,590,0.6660129184781252,0.7627702914885188,0.84709050560426
2024.07,34,5,～強まる見込みです,30,590,0.5906346234610091,0.7133874757704843,0.81804080208621
2024.07,35,5,～たがるものです,30,590,0.2551716985766366,0.46014963587295327,0.6490308895877941
2024.07,36,6,～んだから／子供がそうなるのも,30,590,0.5995043792145818,0.7160796422041815,0.8177484319797788
2024.07,37,6,産卵を控えた雌に限っての行動,30,590,0.3251686757939994,0.5074958007009869,0.6858516549122289
2024.07,38,6,～うえに／～ことを踏まえ,30,590,0.46514532570075495,0.5788139042766611,0.6710948248136483
2024.07,39,6,～だけでこんなにも～なんて思っていなかった,30,590,0.7753355179413892,0.8945611447537093,0.9593994150290162
2024.07,40,6,～取り入れるメリットは理解しつつも,30,590,0.5712514189381951,0.7198872633065299,0.8510671757143587
2024.07,41,7,会って話すことで,30,590,0.2953173117305046,0.4637018592508148,0.6544326416689681
2024.07,42,7,会ってこそ,30,590,0.4116544345334306,0.5645013431940791,0.7188843412272755
2024.07,43,7,思い出してください,30,590,0.3835664379311802,0.4766742277396787,0.5627520012643698
2024.07,44,7,～というわけです,30,590,0.7073623645475247,0.830782284450202,0.9151751674560733
2024.12,26,5,Vるだけ無駄,30,590,0.2953173117305046,0.4637018592508148,0.6544326416689681
2024.12,27,5,～を受けて,30,590,0.6648399769821803,0.7946331523869632,0.8896361676485673
2024.12,28,5,Vるなり,30,590,0.4321459850384173,0.6357065219095706,0.8006725508837106
2024.12,29,5,～恐れがある以上,30,590,0.5002595012215375,0.6343697508762336,0.7745427264062673
2024.12,30,5,VきれないほどのN,30,590,0.6043911255194832,0.7491054308144826,0.8745604074339857
2024.12,31,5,～たいところだが,30,590,0.3985049022798578,0.5469630958706844,0.6949504254083281
2024.12,32,5,～てみせた,30,590,0.5906346234610091,0.7133874757704843,0.81804080208621
2024.12,33,5,～という（传闻）,30,590,0.383912505249656,0.5707099806163874,0.736236721877589
2024.12,34,5,～ことがあってはならない,30,590,0.42829145845163896,0.6074527644587151,0.7728460919226418
2024.12,35,5,私なんかでいいんですか,30,590,0.34567564391332256,0.42118300452151214,0.5038251479918218
2024.12,36,6,V连用形＋こそしなかったが,30,590,0.5906346234610091,0.7133874757704843,0.81804080208621
2024.12,37,6,～がゆえに／～男の日常を描いた,30,590,0.47163621826944135,0.6822785788251384,0.8397548567599239
2024.12,38,6,ビジネス書に抵抗がある人にも,30,590,0.5524137008722214,0.6669901965899004,0.8228995310521436
2024.12,39,6,～と思ったら今度は,30,590,0.44527170832559754,0.6100716686076949,0.7723639097458243
2024.12,40,6,～ないことには／売れるも売れないもない,30,590,0.4127032014842684,0.5928658084998575,0.7612182318943852
2024.12,41,7,～気を使わせられはしない,30,590,0.37624271051284475,0.5514138340651704,0.7220119373287497
2024.12,42,7,それにもかかわらず,30,590,0.5403610809140116,0.680305595731059,0.825383756283033
2024.12,43,7,～承知していれば,30,590,0.6478641539009589,0.7881721294550373,0.8865543950379262
2024.12,44,7,ピアスだって,30,590,0.5499166304799851,0.6915592580555986,0.8126049038724078
2025.07,26,5,Vてまで,30,590,0.4321459850384173,0.6357065219095706,0.8006725508837106
2025.07,27,5,～にあっても,30,590,0.4321459850384173,0.6357065219095706,0.8006725508837106
2025.07,28,5,～だろうが～だろうが,30,590,0.4080301397071394,0.600892343262234,0.7802996003302644
2025.07,29,5,～というときに限って,30,590,0.45912250042212244,0.6351339707448611,0.7804722413707066
2025.07,30,5,Nを題材としながらも,30,590,0.5002595012215375,0.6343697508762336,0.7620573943469211
2025.07,31,5,～ほどではないものの,30,590,0.5350082269858092,0.6721137635004706,0.7957422835339407
2025.07,32,5,～ようとはしなかった,30,590,0.7267332927262128,0.8628534611948422,0.946425212527742
2025.07,33,5,～てまいります,30,590,0.6147513633553897,0.7438546045016639,0.8484688324502119
2025.07,34,5,～なっていたかもしれない,30,590,0.5542514598885094,0.69834891193749,0.8161229046248628
2025.07,35,5,～ずに済むわけがない,30,590,0.3278173094969295,0.4129437378851598,0.49402040104310496
2025.07,36,6,V连用形＋でもしない限り,30,590,0.5906346234610091,0.7133874757704843,0.8397548567599239
2025.07,37,6,～存在であるコンビニ／～店舗,30,590,0.54207861779908,0.6361976102212589,0.727269059442099
2025.07,38,6,いくら～からといって／一向に～ない,30,590,0.28879621962875457,0.480312662849577,0.6880783903616207
2025.07,39,6,～といった症状／病気のサイン,30,590,0.7857615623498194,0.8809255216006859,0.9531102229980047
2025.07,40,6,～資源が失われつつある現状について,30,590,0.5560243602863378,0.7004217181856078,0.830310537996195
2025.07,41,7,それだけが～ではありません,30,590,0.3490113684087781,0.4998064703873356,0.6705455665585449
2025.07,42,7,～失敗するものなのです,30,590,0.5525951012565667,0.6851885312851098,0.7995496841293869
2025.07,43,7,誤解を解くためには,30,590,0.3503375948377205,0.49903270950553613,0.643927093638284
2025.07,44,7,逃避でしょう,30,590,0.6544248617953254,0.7915216406164338,0.8971977522578735
2025.12,26,5,とても～ない,30,590,0.4383507590145984,0.6247872883552547,0.7927526279786437
2025.12,27,5,～なくしては,30,590,0.4655566391698811,0.6467827911908963,0.8024262537848774
2025.12,28,5,～くらいなら～ほうがいい,30,590,0.099588512647549,0.14997987224232584,0.19999963134725882
2025.12,29,5,Nを～とするには,30,590,0.509198637498961,0.6431296183082398,0.7697020274174794
2025.12,30,5,悩まされながらも,30,590,0.5901415516472238,0.73595167941867,0.8484686784796218
2025.12,31,5,～に越したことはない,30,590,0.5906346234610091,0.7133874757704843,0.81804080208621
2025.12,32,5,～ていたのに／反事实条件,30,590,0.7853987725388989,0.9048725442789183,0.9670197820484392
2025.12,33,5,～てくれたものだ,30,590,0.5253280192389556,0.6740797220991452,0.8191715813994298
2025.12,34,5,～みたいなところがある,30,590,0.2558182351531395,0.381103094327913,0.5275235013285958
2025.12,35,5,～てばかりもいられない,30,590,0.5906346234610091,0.7133874757704843,0.81804080208621
2025.12,36,6,NもNならNもNだ,30,590,0.191956252624828,0.3709614874006519,0.5889893775020711
2025.12,37,6,どんなに～ても／VのがNだ,30,590,0.6577910912725119,0.7735272993560072,0.8811037353691824
2025.12,38,6,～演技は／～彼ならでは,30,590,0.5906346234610091,0.7156489158029675,0.8634594735261145
2025.12,39,6,～ことが～のか／Vるなり,30,590,0.5974171939535771,0.7255623435516406,0.8337657415751231
2025.12,40,6,～たうえでの決断ならば,30,590,0.3425231576336848,0.5082923617352061,0.6902478254010195
2025.12,41,7,～からでもあります,30,590,0.5285224458918704,0.6839174252547502,0.8152464065477099
2025.12,42,7,～示すのです,30,590,0.4046881846031201,0.5557400577624605,0.6905786219699278
2025.12,43,7,～利用すれば,30,590,0.7753355179413892,0.8945611447537093,0.9593994150290162
2025.12,44,7,そこで,30,590,0.38343774450357804,0.47666592825939,0.5627517977415801
