year,question,group,construction,strict,central,generous,point_score,combination_score,all_points_seen,all_points_seen_same_type,notes
2010.07,26,5,半日では足りない,0.0,0.0,0.0,0.0,0.0,False,False,
2010.07,27,5,勧められるまま,0.0,0.0,0.0,0.0,0.0,False,False,
2010.07,28,5,不当として,0.0,0.0,0.0,0.0,0.0,False,False,
2010.07,29,5,ご理解いただきたく,0.0,0.0,0.0,0.0,0.0,False,False,
2010.07,30,5,失礼極まりない,0.0,0.0,0.0,0.0,0.0,False,False,
2010.07,31,5,どうりではずだ,0.0,0.0,0.0,0.0,0.0,False,False,
2010.07,32,5,ことはないにしても,0.0,0.0,0.0,0.0,0.0,False,False,
2010.07,33,5,なくてはならないかというと,0.0,0.0,0.0,0.0,0.0,False,False,
2010.07,34,5,などするものか,0.0,0.0,0.0,0.0,0.0,False,False,
2010.07,35,5,しようとしたにすぎず,0.0,0.0,0.0,0.0,0.0,False,False,
2010.07,36,6,主人が魚屋も経営しているだけあって,0.0,0.0,0.0,0.0,0.0,False,False,
2010.07,37,6,ミスをしたばかりに君にまで残業してもらう,0.0,0.0,0.0,0.0,0.0,False,False,
2010.07,38,6,伝わっていないことからしておかしい,0.0,0.0,0.0,0.0,0.0,False,False,
2010.07,39,6,年が近いこともあって同世代ならではの話,0.0,0.0,0.0,0.0,0.0,False,False,
2010.07,40,6,わかるというような意味だったと思う,0.0,0.0,0.0,0.0,0.0,False,False,
2010.07,41,7,その結果,0.0,0.0,0.0,0.0,0.0,False,False,
2010.07,42,7,親しまれることになる,0.0,0.0,0.0,0.0,0.0,False,False,
2010.07,43,7,そういう父親の子ども,0.0,0.0,0.0,0.0,0.0,False,False,
2010.07,44,7,父ではない,0.0,0.0,0.0,0.0,0.0,False,False,
2010.07,45,7,対等の関係,0.0,0.0,0.0,0.0,0.0,False,False,
2010.12,26,5,を機に,0.0,0.0,0.0,0.0,0.0,False,False,
2010.12,27,5,受け入れられはしない,0.2953173117305046,0.35669373788524217,0.409020401043105,0.35669373788524217,0.35669373788524217,False,False,
2010.12,28,5,いっさい使用していない,0.239945315781035,0.39236311167376636,0.5593353984264461,0.42803248546229056,0.2853549903081937,False,False,
2010.12,29,5,身が引き締まる思い,0.05906346234610091,0.10700812136557265,0.16360816041724202,0.10700812136557265,0.10700812136557265,False,False,
2010.12,30,5,おわび申し上げます,0.3221643400696414,0.45397384821758097,0.5949387651536073,0.45397384821758097,0.453973848217581,False,False,
2010.12,31,5,困るじゃないか,0.07753355179413893,0.13418417171305638,0.19187988300580325,0.13418417171305638,0.13418417171305638,False,False,
2010.12,32,5,となりつつある,0.1476586558652523,0.2853549903081937,0.44992244114741553,0.2853549903081937,0.2853549903081937,False,False,
2010.12,33,5,刺されでもしたら,0.5906346234610091,0.7133874757704843,0.81804080208621,0.7133874757704843,0.7133874757704843,True,True,
2010.12,34,5,ほどのことではない,0.0,0.0,0.0,0.0,0.0,False,False,
2010.12,35,5,言うべきではないのでしょうか,0.07753355179413893,0.13418417171305638,0.19187988300580325,0.13418417171305638,0.13418417171305638,False,False,
2010.12,36,6,私があるのも監督あってのこと,0.18490578927302348,0.2534728509416733,0.32579390622505616,0.27963652336238015,0.17498183367955278,False,False,
2010.12,37,6,からには責任感の強い彼の性格からして,0.3218392708114686,0.40869403682139704,0.4919272335781955,0.4260274698001153,0.35669373788524217,False,False,
2010.12,38,6,冗談だってことぐらいわかるだろうに,0.1343076294280683,0.20382467448581834,0.2746395221389617,0.22554374470450902,0.1386674638297463,False,False,
2010.12,39,6,というより人気と知名度によるところが大きい,0.13530819026763924,0.2745507374212225,0.4591875223015797,0.306430240244716,0.17891222895074188,False,False,
2010.12,40,6,水やりを忘れさえしなければ,0.08160602794142789,0.1386674638297463,0.1950749000825661,0.1386674638297463,0.1386674638297463,False,False,
2010.12,41,7,通う人もいるほどだ,0.07255941819529868,0.12792723352971347,0.18661219039109422,0.12792723352971347,0.12792723352971344,False,False,
2010.12,42,7,はたして健全なのだろうか,0.07255941819529868,0.12792723352971344,0.18661219039109422,0.12792723352971344,0.12792723352971344,False,False,
2010.12,43,7,とはいえ,0.3221643400696414,0.45397384821758097,0.5949387651536073,0.45397384821758097,0.453973848217581,False,False,
2010.12,44,7,それにつまずいてしまった,0.2169002866485849,0.31639738837831766,0.4275045701900787,0.32764219713851056,0.2826629620977391,False,False,
2010.12,45,7,してしまうだけである,0.2612582588343031,0.33918017236248477,0.4183920504172525,0.3585630865336535,0.2810314298489787,False,False,
2011.07,26,5,とあって,0.13260979540482032,0.29582392283679215,0.48281037770435103,0.29582392283679215,0.29582392283679215,False,False,
2011.07,27,5,につけ,0.06648399769821804,0.11919497285804448,0.17792723352971349,0.11919497285804448,0.11919497285804448,False,False,
2011.07,28,5,に、にと,0.07255941819529868,0.12792723352971344,0.18661219039109422,0.12792723352971344,0.12792723352971344,False,False,
2011.07,29,5,答えさせられたあげく,0.07255941819529868,0.12792723352971344,0.18661219039109422,0.12792723352971344,0.12792723352971344,False,False,
2011.07,30,5,ではないか,0.5906346234610091,0.7133874757704843,0.81804080208621,0.7133874757704843,0.7133874757704843,True,True,
2011.07,31,5,お出しする以上,0.3152276011505636,0.46989890618968005,0.6514553107075349,0.5098773191332049,0.34996366735910556,False,False,
2011.07,32,5,でしかないことに,0.17285706019834743,0.2821699940178035,0.40876527111195043,0.2989430154819356,0.2318509296254074,False,False,
2011.07,33,5,思えるくらい,0.383912505249656,0.5707099806163874,0.736236721877589,0.5707099806163874,0.5707099806163874,True,False,
2011.07,34,5,待っていただくわけにはいきませんか,0.34791120031563894,0.45271191046533354,0.5584509790646994,0.5153233081330044,0.264877717462321,False,False,
2011.07,35,5,つもりだったかっていうと,0.2662447319625858,0.38675331596560414,0.5115717451107392,0.4438836690086813,0.21536225683637267,False,False,
2011.07,36,6,ということのないように,0.2986349020201378,0.38024619354599987,0.4532847719240094,0.402649157242843,0.3130373024554704,False,False,
2011.07,37,6,犠牲にしてまでとなると,0.1218869614744445,0.2260169798559714,0.3414199441392779,0.244499424905867,0.1705696447062846,False,False,
2011.07,38,6,自分には責任がなくても自分の責任だとして,0.33241998849109017,0.5165115490515261,0.7117089341188539,0.5165115490515261,0.5165115490515261,False,False,
2011.07,39,6,今でこそ一流企業と言われる我が社だが,0.26611891078212574,0.396586624562256,0.5047056107314853,0.4150690696121516,0.3411392894125692,False,False,
2011.07,40,6,悩んでいるのかと思いきやそうでもない,0.0942254885447814,0.17817040924404734,0.2872932808678603,0.18807177632285993,0.14846630800760954,False,False,
2011.07,41,7,入るのはいい,0.23625384938440364,0.3923631116737664,0.5726285614603469,0.3923631116737664,0.3923631116737664,True,False,
2011.07,42,7,やめてほしいのだ,0.11830486680055008,0.2237746008334608,0.34032219154437404,0.24150958620918622,0.1705696447062846,False,False,
2011.07,43,7,たしかに…ことは間違いない,0.09971770156367468,0.19577273465340236,0.3299451918342003,0.2120260542385604,0.14701277589792816,False,False,
2011.07,44,7,見させてしまう,0.351615613753573,0.43744462170557136,0.5143515520016115,0.45082063687626794,0.3973165761934816,False,False,
2011.07,45,7,ぼくだけじゃない、みんな,0.23625384938440364,0.4280324854622906,0.6135306015646574,0.4280324854622906,0.4280324854622906,True,False,
2011.12,26,5,を受けて,0.1476586558652523,0.3026770837457136,0.48760662034737223,0.3026770837457136,0.3026770837457136,False,False,
2011.12,27,5,ことと致します,0.1813985454882467,0.3411392894125692,0.5131835235755091,0.3411392894125692,0.3411392894125692,False,False,
2011.12,28,5,ゆえに,0.1476586558652523,0.3026770837457136,0.48760662034737223,0.3026770837457136,0.3026770837457136,False,False,
2011.12,29,5,といったところ,0.05906346234610091,0.10700812136557265,0.16360816041724202,0.10700812136557265,0.10700812136557265,False,False,
2011.12,30,5,ならではの,0.383912505249656,0.5707099806163874,0.736236721877589,0.5707099806163874,0.5707099806163874,True,False,
2011.12,31,5,しないでもない,0.1813985454882467,0.3411392894125692,0.5131835235755091,0.3411392894125692,0.3411392894125692,False,False,
2011.12,32,5,わけじゃあるまいし,0.06648399769821804,0.11919497285804448,0.17792723352971349,0.11919497285804448,0.11919497285804448,False,False,
2011.12,33,5,お聞かせ願えますか,0.1938338794853473,0.35782445790148376,0.5276696782659589,0.35782445790148376,0.35782445790148376,False,False,
2011.12,34,5,くらいはいいとしても,0.5002595012215375,0.6343697508762336,0.7620573943469211,0.7133874757704843,0.3973165761934816,True,True,
2011.12,35,5,受け入れがたい,0.1476586558652523,0.2853549903081937,0.44992244114741553,0.2853549903081937,0.2853549903081937,False,False,
2011.12,36,6,レストランだからといって必ずしもおいしいというわけではない,0.11260280125713956,0.21432448281630356,0.3449888807982068,0.23595404833943467,0.14943578624691028,False,False,
2011.12,37,6,ことが多いのみならず授業に取り組む姿勢そのものも,0.21054250705580904,0.3040005440227639,0.4146563395893039,0.3458851023828115,0.17834686894262108,False,False,
2011.12,38,6,不在ならこの書類を預けてくればいいだけのこと,0.11380874959879159,0.20450572570313164,0.32639108520073673,0.2227098230084235,0.14989343378725592,False,False,
2011.12,39,6,増税は避けようのないものとして,0.2694387094183781,0.41120730914694903,0.5782622386822615,0.4764889932504745,0.21536225683637267,False,False,
2011.12,40,6,他人を眺めるがごとく,0.20394882418862634,0.32523016624308576,0.46358442843763503,0.33996307837445483,0.2810314298489787,False,False,
2011.12,41,7,君から借りた,0.09323323583816936,0.14785956039916484,0.1995957231800549,0.14785956039916484,0.14785956039916484,False,False,
2011.12,42,7,一方,0.3626399874448257,0.5056756424280675,0.6470081219262308,0.5056756424280675,0.5056756424280676,False,False,
2011.12,43,7,貸したままなのは,0.2953173117305046,0.35669373788524217,0.409020401043105,0.35669373788524217,0.35669373788524217,False,False,
2011.12,44,7,あれ以来,0.3626399874448257,0.5056756424280675,0.6470081219262308,0.5056756424280675,0.5056756424280676,False,False,
2011.12,45,7,しましょうか,0.09323323583816936,0.14785956039916484,0.1995957231800549,0.14785956039916484,0.14785956039916484,False,False,
2012.07,26,5,40代も後半,0.08990517410026724,0.17121299418491623,0.3374418308605617,0.17121299418491623,0.17121299418491623,False,False,
2012.07,27,5,使いようによっては,0.06648399769821804,0.11919497285804448,0.17792723352971349,0.11919497285804448,0.11919497285804448,False,False,
2012.07,28,5,見えざる,0.05906346234610091,0.10700812136557265,0.16360816041724202,0.10700812136557265,0.10700812136557265,False,False,
2012.07,29,5,まず間違いない,0.1476586558652523,0.2853549903081937,0.44992244114741553,0.2853549903081937,0.2853549903081937,False,False,
2012.07,30,5,ご変更願いたい,0.5906346234610091,0.7133874757704843,0.81804080208621,0.7133874757704843,0.7133874757704843,True,True,
2012.07,31,5,続けていってほしいものです,0.18112293552493972,0.3482004144442017,0.5310249140453613,0.39292847168188716,0.2140162427311453,False,False,
2012.07,32,5,いたしかねます,0.33897023448651975,0.4904878833970058,0.6527809603002613,0.5240438321893345,0.3898200370200197,False,False,
2012.07,33,5,引き出そうとしたとして,0.1476586558652523,0.29582392283679215,0.48281037770435103,0.29582392283679215,0.29582392283679215,False,False,
2012.07,34,5,別れさせられそうになる,0.3218392708114686,0.40869403682139704,0.4919272335781955,0.4260274698001153,0.35669373788524217,False,False,
2012.07,35,5,もらってやってください,0.12852949400774893,0.2368902507091499,0.351134820148619,0.2542236836878682,0.18488995177299505,False,False,
2012.07,36,6,どんな悪人であろうとどこかに,0.1476586558652523,0.2853549903081937,0.44992244114741553,0.2853549903081937,0.2853549903081937,False,False,
2012.07,37,6,使う人の使い方次第で決まるもの,0.09908421805556329,0.14992364197191962,0.19999727600421424,0.14992364197191962,0.14992364197191962,False,False,
2012.07,38,6,上がろうと下がろうとたばこを吸わない私にとっては,0.3627970909764934,0.554351345295425,0.7464487615643769,0.554351345295425,0.554351345295425,False,False,
2012.07,39,6,だけがただっていうじゃないか,0.4357647568679902,0.5953663636053915,0.7527126355266748,0.6745469988400274,0.35782445790148376,True,False,
2012.07,40,6,ことを深くおわび申し上げますとともに…ますよう,0.4200888759366428,0.5707099806163876,0.7219210078410803,0.642048728193436,0.35669373788524217,True,False,
2012.07,41,7,そうだろうか,0.5437564638400885,0.6843339301466989,0.8082163503282471,0.7683265582217632,0.43235604592150567,True,True,
2012.07,42,7,しなければ,0.08160602794142789,0.2033789469502946,0.37551918265893963,0.2033789469502946,0.2033789469502946,False,False,
2012.07,43,7,こと,0.14779737904280607,0.24927463767687041,0.3587900561533202,0.2707715896474467,0.18478378176514168,False,False,
2012.07,44,7,なぜならば,0.0821248594327677,0.1577322785205878,0.256508238897255,0.1655816474564316,0.13418417171305638,False,False,
2012.07,45,7,ではないか,0.5906346234610091,0.7133874757704843,0.81804080208621,0.7133874757704843,0.7133874757704843,True,True,
2012.12,26,5,にともなって,0.0,0.0,0.0,0.0,0.0,False,False,
2012.12,27,5,お届けに上がりたい,0.5184539537582029,0.6842652967798272,0.8287820492021617,0.6883733875062644,0.6719410246005152,False,False,
2012.12,28,5,君も君だ,0.26940249002694916,0.3482403209395082,0.42508053700550497,0.3706432846363513,0.2810314298489787,False,False,
2012.12,29,5,帰るべく,0.191956252624828,0.3709614874006519,0.5889893775020711,0.3709614874006519,0.3709614874006519,False,False,
2012.12,30,5,雨だろうと雪だろうと,0.191956252624828,0.3709614874006519,0.5889893775020711,0.3709614874006519,0.3709614874006519,False,False,
2012.12,31,5,子供のためを思って,0.08990517410026724,0.1458309929266319,0.19890106166667593,0.1458309929266319,0.1458309929266319,False,False,
2012.12,32,5,疑いようがないものの,0.28793437893724194,0.4592431875272493,0.646252233648106,0.5172059199336011,0.2853549903081937,False,False,
2012.12,33,5,から言わせてもらえば,0.2519840433309515,0.46517179527192887,0.6907675788208917,0.46517179527192887,0.46517179527192887,False,False,
2012.12,34,5,間に合いそうになかったら,0.0975106465816068,0.14959572318005487,0.19996681493779112,0.14959572318005487,0.14959572318005487,False,False,
2012.12,35,5,といいましょうか,0.09546410233552938,0.14890106166667594,0.19985127486940002,0.14890106166667594,0.14890106166667594,False,False,
2012.12,36,6,やめたいがスタッフ不足からやめるにやめられず,0.1476586558652523,0.28625956632118704,0.474902710439363,0.28625956632118704,0.28625956632118704,False,False,
2012.12,37,6,虫についてだったら人よりも詳しく知っているつもりの私でも,0.383912505249656,0.5707099806163874,0.736236721877589,0.5707099806163874,0.5707099806163874,True,False,
2012.12,38,6,自体がすでに才能なのであって…あればこそ,0.2953173117305046,0.4637018592508148,0.6544326416689681,0.4637018592508148,0.4637018592508148,False,False,
2012.12,39,6,仲間だとでも思っていたのだろうか,0.331247584657716,0.4787525516654068,0.651948680037366,0.558820189353546,0.23854963860098913,True,False,
2012.12,40,6,現代にあっては…理解しようとする姿勢,0.22434676098609285,0.3415995819949743,0.4531182659091386,0.36034777922390115,0.2853549903081937,False,False,
2012.12,41,7,大人のもの,0.573172646822516,0.7163738267730956,0.8370667577420611,0.7946331523869632,0.48159584993149285,True,True,
2012.12,42,7,そういう雰囲気,0.6379292464415913,0.7669160597882554,0.8653745194503921,0.7847589211275123,0.7133874757704843,True,True,
2012.12,43,7,そして,0.08160602794142789,0.1386674638297463,0.1950749000825661,0.1386674638297463,0.1386674638297463,False,False,
2012.12,44,7,思わされた,0.26593599079287217,0.4767798914321779,0.6672271257364255,0.4767798914321779,0.4767798914321779,True,False,
2012.12,45,7,というものである,0.23625384938440364,0.3923631116737664,0.5726285614603469,0.3923631116737664,0.3923631116737664,True,False,
2013.07,26,5,をもって,0.06648399769821804,0.11919497285804448,0.17792723352971349,0.11919497285804448,0.11919497285804448,False,False,
2013.07,27,5,だけでも,0.33241998849109017,0.5165115490515261,0.7117089341188539,0.5165115490515261,0.5165115490515261,False,False,
2013.07,28,5,はたして,0.23625384938440364,0.4280324854622906,0.6135306015646574,0.4280324854622906,0.4280324854622906,True,False,
2013.07,29,5,幸いに存じます,0.5508133680938748,0.7136364773085239,0.8484578099797763,0.716580052940694,0.7048057504120134,False,False,
2013.07,30,5,取っといて,0.07753355179413893,0.13418417171305638,0.19187988300580325,0.13418417171305638,0.13418417171305638,False,False,
2013.07,31,5,ご覧になった上で,0.14569465274519788,0.2518549326555744,0.3590202996050901,0.27046756536390887,0.1960170345305709,False,False,
2013.07,32,5,夢を夢で終わらせない,0.2477852317244529,0.42803248546229067,0.6183644790315307,0.4842387714320864,0.2594136275529034,True,False,
2013.07,33,5,やるとするか,0.2953173117305046,0.4637018592508148,0.6544326416689681,0.4637018592508148,0.4637018592508148,False,False,
2013.07,34,5,思わせてくれた,0.2687387536747592,0.44586717235655277,0.6288688666037741,0.49937123303933906,0.2853549903081937,True,False,
2013.07,35,5,にもほどがある,0.21235072351097473,0.37834635468214195,0.5417851337193025,0.37834635468214195,0.37834635468214195,False,False,
2013.07,36,6,捕まえてごらんというようなあの憎らしい表情,0.6042658242708765,0.7306080267924555,0.8352392540310807,0.7363482104664458,0.7133874757704843,True,True,
2013.07,37,6,使いにくいと言いながらも毎日使っているところを見ると,0.14049621653673347,0.2628535981221908,0.40526901255297504,0.28160325762271754,0.20660461962061044,False,False,
2013.07,38,6,もさることながら俳優の演技力によるところが大きい,0.39129543804291855,0.5305819351042977,0.6871542737524163,0.5885446675106496,0.35669373788524217,False,False,
2013.07,39,6,人間からすれば職場まで歩いて数分なんて人,0.4080301397071394,0.600892343262234,0.7802996003302644,0.600892343262234,0.600892343262234,True,False,
2013.07,40,6,与えた影響は少なからぬものがある,0.40396469111822253,0.5510331810287157,0.7101136306230798,0.6347570523921288,0.2998615669384767,False,False,
2013.07,41,7,気にかかるといっても,0.09888146140719173,0.14989343378725592,0.19999550889020673,0.14989343378725592,0.14989343378725592,False,False,
2013.07,42,7,気が揉めるのである,0.5906346234610091,0.7133874757704843,0.81804080208621,0.7133874757704843,0.7133874757704843,True,True,
2013.07,43,7,朝だと思って頂きたい,0.200103800488615,0.3622793781526251,0.5508235430871766,0.4101977985680285,0.2185241169064149,True,False,
2013.07,44,7,すると,0.0849402894043899,0.14187988300580323,0.19701277589792818,0.14187988300580323,0.14187988300580323,False,False,
2013.07,45,7,いつごろになろうか,0.09863381387763537,0.1498512748694,0.19999259541175482,0.1498512748694,0.1498512748694,False,False,
2013.12,26,5,時期が時期だけに,0.1938338794853473,0.3709614874006519,0.5889893775020711,0.3709614874006519,0.3709614874006519,False,False,
2013.12,27,5,かつ,0.21607299251920864,0.4132092392412209,0.6405380407069685,0.4132092392412209,0.4132092392412209,False,False,
2013.12,28,5,危険極まりない,0.5906346234610091,0.7133874757704843,0.81804080208621,0.7133874757704843,0.7133874757704843,True,True,
2013.12,29,5,思われる,0.08990517410026724,0.14583099292663193,0.19890106166667593,0.14583099292663193,0.1458309929266319,False,False,
2013.12,30,5,とあっては,0.5906346234610091,0.7133874757704843,0.81804080208621,0.7133874757704843,0.7133874757704843,True,True,
2013.12,31,5,言わせると,0.2953173117305046,0.49185026108678453,0.7092459932325414,0.49185026108678453,0.49185026108678453,False,False,
2013.12,32,5,かと思いきや,0.383912505249656,0.5707099806163874,0.736236721877589,0.5707099806163874,0.5707099806163874,True,False,
2013.12,33,5,といったらない,0.2953173117305046,0.4637018592508148,0.6544326416689681,0.4637018592508148,0.4637018592508148,False,False,
2013.12,34,5,おっしゃってくださいませんか,0.44182073250577764,0.5999387432176383,0.75515867411678,0.6572408291360875,0.4280324854622906,False,False,
2013.12,35,5,どうしたものか,0.0979618898010817,0.1497103230003701,0.19997987224232586,0.1497103230003701,0.1497103230003701,False,False,
2013.12,36,6,供給源としてのみではなく水や空気を育む環境資源,0.5906346234610091,0.7133874757704843,0.8397548567599239,0.7133874757704843,0.7133874757704843,True,True,
2013.12,37,6,どういうチームだろうと精一杯,0.383912505249656,0.5707099806163874,0.736236721877589,0.5707099806163874,0.5707099806163874,True,False,
2013.12,38,6,かかっている分ほかの店のものとは比べ物にならない,0.3952822728945531,0.4826739188295817,0.5515304753374307,0.5014238545175385,0.4264241117657115,False,False,
2013.12,39,6,行ったついでに一度会ってそれっきりだから,0.09995440590172228,0.14999948550365383,0.19999999849340053,0.14999948550365383,0.14999948550365383,False,False,
2013.12,40,6,ぐらいの気持ちでしかなかった,0.4200888759366428,0.5709926606204478,0.7345558814354016,0.642048728193436,0.35782445790148376,True,False,
2013.12,41,7,買ってきましょう,0.09981510681417585,0.22186794212759406,0.40234198142029254,0.22186794212759406,0.22186794212759406,False,False,
2013.12,42,7,その上で,0.2953173117305046,0.4637018592508148,0.6544326416689681,0.4637018592508148,0.4637018592508148,False,False,
2013.12,43,7,犬の礼儀作法,0.09958851264754902,0.14997987224232584,0.19999963134725882,0.14997987224232584,0.14997987224232584,False,False,
2013.12,44,7,迎えてくれる,0.36875844170779465,0.52292532253787,0.6839687316842705,0.5459091473112998,0.453973848217581,True,False,
2013.12,45,7,いたっていいんです,0.09925022115897614,0.14994528708206672,0.19999834781303905,0.14994528708206672,0.14994528708206672,False,False,
2014.07,26,5,働けるかぎり,0.16620999424554508,0.3178532609547853,0.49051568856178573,0.3178532609547853,0.3178532609547853,False,False,
2014.07,27,5,浴びようとも,0.2953173117305046,0.4637018592508148,0.6718038854079393,0.4637018592508148,0.4637018592508148,False,False,
2014.07,28,5,を最後に,0.1476586558652523,0.2853549903081937,0.44992244114741553,0.2853549903081937,0.2853549903081937,False,False,
2014.07,29,5,それを,0.23625384938440364,0.4280324854622906,0.6135306015646574,0.4280324854622906,0.4280324854622906,True,False,
2014.07,30,5,わかんないんだもん,0.383912505249656,0.5707099806163874,0.736236721877589,0.5707099806163874,0.5707099806163874,True,False,
2014.07,31,5,実行してまいります,0.5043279551913551,0.6593455304432136,0.7981060714384228,0.7279594888268676,0.45350365529225206,False,False,
2014.07,32,5,といっても過言ではない,0.13732254995468463,0.25414428824323504,0.3762987689596566,0.2675203034139316,0.2140162427311453,False,False,
2014.07,33,5,あったらあったで,0.1938338794853473,0.35782445790148376,0.5276696782659589,0.35782445790148376,0.35782445790148376,False,False,
2014.07,34,5,知らされておらず,0.7255941819529867,0.852848223531423,0.9330609519554711,0.852848223531423,0.852848223531423,True,True,
2014.07,35,5,としか言いようがない,0.3627970909764934,0.554351345295425,0.7464487615643769,0.554351345295425,0.554351345295425,True,False,
2014.07,36,6,今日こそ何も起きませんように,0.09998322686860489,0.14999990282419245,0.1999999998763308,0.14999990282419245,0.14999990282419245,False,False,
2014.07,37,6,1枚選ぶだけのことなのに4時間もかかるとは,0.39129543804291855,0.5305819351042977,0.6871542737524163,0.5885446675106496,0.35669373788524217,False,False,
2014.07,38,6,一人でやるのは新入社員の田中さんには,0.6979534082338017,0.8369434553285913,0.9293762286341809,0.8781287818479602,0.7133874757704843,True,True,
2014.07,39,6,といったら近所のスーパーに行く程度のもので,0.7753355179413892,0.8945611447537093,0.9593994150290162,0.8945611447537093,0.8945611447537093,True,True,
2014.07,40,6,に至った経緯及び今後の対応,0.3252274640812331,0.40415228631125416,0.47059976888844696,0.4268795443149197,0.3359705123002576,False,False,
2014.07,41,7,そんな日には,0.7035615392716117,0.832988058846376,0.9183455184681161,0.8457730276661801,0.7946331523869632,True,True,
2014.07,42,7,嬉しそうにこういった,0.08990517410026724,0.1458309929266319,0.19890106166667593,0.1458309929266319,0.1458309929266319,False,False,
2014.07,43,7,全然悪くなかったのだ,0.6648399769821803,0.7946331523869632,0.8896361676485673,0.7946331523869632,0.7946331523869632,True,True,
2014.07,44,7,彼,0.4451237887714249,0.5882862101868025,0.709363273027513,0.5882862101868025,0.5882862101868025,False,False,
2014.07,45,7,出会えたと思った,0.5906346234610091,0.7133874757704843,0.81804080208621,0.7133874757704843,0.7133874757704843,True,True,
2014.12,26,5,花という花,0.07753355179413893,0.13418417171305638,0.19187988300580325,0.13418417171305638,0.13418417171305638,False,False,
2014.12,27,5,どうやらようだ,0.16620999424554508,0.3178532609547853,0.4892998922067121,0.3178532609547853,0.3178532609547853,False,False,
2014.12,28,5,を受けて,0.5906346234610091,0.7133874757704843,0.81804080208621,0.7133874757704843,0.7133874757704843,True,True,
2014.12,29,5,着られなくはなかった,0.4742975006580831,0.6150264753233418,0.7535891025279025,0.6150264753233418,0.6150264753233419,False,False,
2014.12,30,5,頂戴した,0.5228123406459039,0.6716921645026201,0.8065555872690736,0.6916962650950187,0.6116798627254243,False,False,
2014.12,31,5,謝ればいいものを,0.36034277214682964,0.5291910512364446,0.6882946442008505,0.5691139425156886,0.4094223773987128,False,False,
2014.12,32,5,入るか入らないか,0.16620999424554508,0.3178532609547853,0.4892998922067121,0.3178532609547853,0.3178532609547853,False,False,
2014.12,33,5,揺られながらにしては,0.3434384811769659,0.4514714596256677,0.5667954038818405,0.5025662634171448,0.29818704825123643,False,False,
2014.12,34,5,悔やまれてならない,0.27060522058041825,0.348855328156153,0.4252423308831483,0.37146329425854446,0.2810314298489787,False,False,
2014.12,35,5,買わなくて済みそうだ,0.09938613300484658,0.14996079648120794,0.19999899789795259,0.14996079648120794,0.14996079648120794,False,False,
2014.12,36,6,不器用な主人公をその確かな表現力で見事なまでに,0.3694589630502236,0.5075024322353521,0.6422724825177895,0.525345293574609,0.453973848217581,False,False,
2014.12,37,6,なくして会社の成長など望みようもない,0.4033538079901089,0.5503855687795645,0.7114966980436179,0.6149495124110052,0.35669373788524217,False,False,
2014.12,38,6,からといってより丈夫になるかというとそういう,0.26278700094742596,0.43426074860568203,0.6250332718289958,0.481660902184335,0.29206028786972316,False,False,
2014.12,39,6,をもって解散するバンドが6枚目にして最後となるCD,0.2244542472155116,0.34160498342539153,0.4531183609344802,0.3603549811311241,0.2853549903081937,False,False,
2014.12,40,6,するのではないかと見られていたX社が,0.3893520731000911,0.5266638754417691,0.678295866768358,0.6243328180747403,0.2336570475428556,False,False,
2014.12,41,7,子供ながらに感じた,0.09984862226273122,0.14999619835763553,0.19999996973914025,0.14999619835763553,0.14999619835763553,False,False,
2014.12,42,7,ないのかもしれない,0.15056683440680899,0.26769853955170986,0.44227862137106294,0.2915375341233188,0.1961815558368832,False,False,
2014.12,43,7,そこで,0.0979618898010817,0.1497103230003701,0.19997987224232586,0.1497103230003701,0.1497103230003701,False,False,
2014.12,44,7,助かった,0.2953173117305046,0.4637018592508148,0.6544326416689681,0.4637018592508148,0.4637018592508148,False,False,
2014.12,45,7,牛も,0.14511883639059736,0.30489323991248374,0.5225141330950638,0.30489323991248374,0.30489323991248374,False,False,
2015.07,26,5,まるで興味がない,0.2953173117305046,0.4637018592508148,0.6544326416689681,0.4637018592508148,0.4637018592508148,False,False,
2015.07,27,5,何をもって,0.5906346234610091,0.7133874757704843,0.81804080208621,0.7133874757704843,0.7133874757704843,True,True,
2015.07,28,5,見ていなければ,0.5541715790269435,0.6923694223182268,0.8130931580613323,0.7626272797804716,0.48159584993149285,True,True,
2015.07,29,5,認めようとはしなかった,0.5485587017850456,0.6956688952087531,0.8239700358208092,0.745393348376976,0.5464955357040843,True,True,
2015.07,30,5,思い出される,0.48074614866881327,0.6197227995803041,0.7514345305564879,0.6557044088576084,0.5117779717483909,True,False,
2015.07,31,5,出てからでは遅い,0.09445984208188331,0.14846630800760954,0.19975479371369217,0.14846630800760954,0.14846630800760954,False,False,
2015.07,32,5,とでもいうべき,0.5906346234610091,0.7133874757704843,0.81804080208621,0.7133874757704843,0.7133874757704843,True,True,
2015.07,33,5,作れるものだ,0.09323323583816936,0.14785956039916484,0.1995957231800549,0.14785956039916484,0.14785956039916484,False,False,
2015.07,34,5,頼んじゃわないか,0.2902376727811947,0.5117089341188538,0.6997957139666033,0.5117089341188538,0.5117089341188538,True,False,
2015.07,35,5,見ていただけると助かる,0.5947016505514282,0.7426483242292296,0.8697435190742382,0.8237406879591931,0.499371233039339,True,True,
2015.07,36,6,メールの書き方ひとつにしてもそうで,0.3251686757939994,0.5074958007009869,0.6858516549122289,0.5707099806163874,0.3178532609547853,True,False,
2015.07,37,6,働いたことがない学生が言っても,0.09999773000351186,0.1499999965333509,0.19999999999916673,0.1499999965333509,0.1499999965333509,False,False,
2015.07,38,6,少しでもお役に立てば著者として,0.5906346234610091,0.7133874757704843,0.81804080208621,0.7133874757704843,0.7133874757704843,True,True,
2015.07,39,6,相手が言っていることに反論したくなっても,0.2953173117305046,0.4637018592508148,0.6718038854079393,0.4637018592508148,0.4637018592508148,False,False,
2015.07,40,6,家族へのおみやげにと,0.2953173117305046,0.4637018592508148,0.6544326416689681,0.4637018592508148,0.4637018592508148,False,False,
2015.07,41,7,である,0.0849402894043899,0.14187988300580323,0.19701277589792818,0.14187988300580323,0.14187988300580323,False,False,
2015.07,42,7,すなわち,0.2247629352506681,0.3888826478043518,0.5469779195833588,0.3888826478043518,0.3888826478043518,False,False,
2015.07,43,7,なってきたのだ,0.5634580773992918,0.6991585303324288,0.8173713329986767,0.7831178496509537,0.44728057237685465,True,True,
2015.07,44,7,こうして,0.47820082801592556,0.6116798627254243,0.7206842072533124,0.6116798627254242,0.6116798627254243,False,False,
2015.07,45,7,一冊といえる,0.09999079471031663,0.2382416986666815,0.4121932544181376,0.2382416986666815,0.2382416986666815,False,False,
2015.12,26,5,大人は大人で,0.5906346234610091,0.7133874757704843,0.81804080208621,0.7133874757704843,0.7133874757704843,True,True,
2015.12,27,5,していただけあって,0.5330338121784344,0.683873982067679,0.8142978998325865,0.7533014259190199,0.4755916505136562,True,False,
2015.12,28,5,いっさい認められていない,0.6058213498921509,0.7324221988264668,0.8360812945238152,0.8189186173177299,0.47293294335267744,True,True,
2015.12,29,5,にしてみれば,0.33241998849109017,0.5165115490515261,0.7160438220000335,0.5165115490515261,0.5165115490515261,False,False,
2015.12,30,5,存じ上げています,0.6700888064702754,0.7978168163749438,0.8842728838887683,0.8153465323954885,0.74522766831331,True,True,
2015.12,31,5,済むものなら,0.2040150698535697,0.3697799035459901,0.5364559752270568,0.3697799035459901,0.3697799035459901,False,False,
2015.12,32,5,言われるに決まっている,0.5040082660195534,0.6361130766515432,0.7658211229157266,0.694075809057895,0.46222487943248763,False,False,
2015.12,33,5,でいいから,0.09972417177896195,0.14998966606464234,0.1999998643802356,0.14998966606464234,0.14998966606464234,False,False,
2015.12,34,5,といえるだろうか,0.2953173117305046,0.5117089341188538,0.6997957139666033,0.5117089341188538,0.5117089341188538,True,False,
2015.12,35,5,てばかりいても始まらない,0.07255941819529868,0.12792723352971344,0.18661219039109422,0.12792723352971344,0.12792723352971344,False,False,
2015.12,36,6,には詳細な調査をする必要があるとの報告,0.6871605435910202,0.8193112803721146,0.9104989444568842,0.8275373230338319,0.7946331523869632,True,True,
2015.12,37,6,続けてこられたのは…信頼できる仲間がいたから,0.8494028940438989,0.9458658867053549,0.9850638794896407,0.9458658867053549,0.9458658867053549,True,True,
2015.12,38,6,町の様子しか知らない私にとっては…かのような,0.4166873769517838,0.5655906624049193,0.7166386674299309,0.6658283107191187,0.264877717462321,True,False,
2015.12,39,6,許してやるもんかなんて気持ち,0.3840728699619987,0.5607889267615771,0.7314860779169206,0.6519271753030351,0.28737418113720314,True,False,
2015.12,40,6,鑑賞にたえるようなアニメ映画を…と考えて,0.22518969640597652,0.33695822772440354,0.4338428223599349,0.3596855003524694,0.26877640984020607,False,False,
2015.12,41,7,そんな彼女の,0.7700098296490425,0.8881132041617169,0.9536355015911042,0.8998681977051483,0.852848223531423,True,True,共享文章开头混入末题选项‘育ち続けるのだそうだ’，属源题疑似转录杂文；保留原文，按上下文回指友人标注。
2015.12,42,7,じゃあねはないだろう,0.0998760623911667,0.14999727600421425,0.19999998164586075,0.14999727600421425,0.14999727600421425,False,False,
2015.12,43,7,当時,0.32197818448620596,0.4290085003218674,0.5658449182123899,0.4600211629957373,0.3359705123002576,False,False,
2015.12,44,7,聞くだけだった,0.5499166304799851,0.6915592580555986,0.8126049038724078,0.7133874757704844,0.6260746049109408,True,True,
2015.12,45,7,育ち続けるに違いない,0.115413268397201,0.21120244321703815,0.3304122328253538,0.22995210271756494,0.15495346471545782,False,False,
2016.07,26,5,果たして,0.5906346234610091,0.7133874757704843,0.81804080208621,0.7133874757704843,0.7133874757704843,True,True,
2016.07,27,5,しようと,0.21235072351097473,0.37834635468214195,0.5417851337193025,0.37834635468214195,0.37834635468214195,False,False,
2016.07,28,5,ともなれば,0.383912505249656,0.5707099806163874,0.736236721877589,0.5707099806163874,0.5707099806163874,True,False,
2016.07,29,5,するもしないも,0.09323323583816936,0.14785956039916484,0.1995957231800549,0.14785956039916484,0.14785956039916484,False,False,
2016.07,30,5,作ってみせる,0.21235072351097473,0.37834635468214195,0.5417851337193025,0.37834635468214195,0.37834635468214195,False,False,
2016.07,31,5,といったところだ,0.5906346234610091,0.7133874757704843,0.81804080208621,0.7133874757704843,0.7133874757704843,True,True,
2016.07,32,5,であるがゆえの,0.5906346234610091,0.7133874757704843,0.81804080208621,0.7133874757704843,0.7133874757704843,True,True,
2016.07,33,5,つかもうとしたものの,0.5350082269858092,0.6721137635004706,0.7957422835339407,0.7540103140787238,0.4264241117657115,True,True,
2016.07,34,5,頑張ってもらうしかない,0.4279271071353249,0.5820283666085799,0.7406477311834674,0.6571399095163591,0.35669373788524217,True,False,
2016.07,35,5,回復されますように,0.383912505249656,0.5707099806163874,0.736236721877589,0.5707099806163874,0.5707099806163874,True,False,
2016.07,36,6,行っても誰かしら友達に会うので,0.5906346234610091,0.7133874757704843,0.81804080208621,0.7133874757704843,0.7133874757704843,True,True,
2016.07,37,6,どうだってかまわないとか本心とは違うことを,0.6014662020075255,0.7458980063359978,0.8604268754255144,0.8339987251374995,0.48159584993149285,True,True,
2016.07,38,6,か否かだけでなくいつのデータかを,0.15573094117450093,0.25085224752744106,0.36083710126352997,0.27357952023597604,0.18267042940183617,False,False,
2016.07,39,6,これ以上きれいにしようがないくらい,0.46173417658953236,0.6232226101874683,0.7761257283611863,0.7199920951301046,0.3329141553595593,True,False,
2016.07,40,6,と実感できるまでに至らない企業もまだ多いというのが,0.12988559422664522,0.24173074365395,0.3794946887510332,0.26048074363849133,0.18548074370032594,False,False,
2016.07,41,7,飛び出してきたのだろう,0.5074722340461311,0.6504585453667897,0.7821420018842354,0.7087475103178341,0.4755916505136562,True,False,
2016.07,42,7,いたらなあ,0.11812692469220182,0.25503602258794816,0.4581028491682775,0.25503602258794816,0.25503602258794816,False,False,
2016.07,43,7,私だって,0.421772326840443,0.5661200232249108,0.717879283922727,0.6334343050549854,0.3641771777346873,False,False,
2016.07,44,7,なのに,0.23625384938440364,0.3923631116737664,0.5726285614603469,0.3923631116737664,0.3923631116737664,True,False,
2016.07,45,7,あの若者だ,0.5906346234610091,0.7133874757704843,0.81804080208621,0.7133874757704843,0.7133874757704843,True,True,
2016.12,26,5,をよそに,0.05906346234610091,0.10700812136557265,0.16360816041724202,0.10700812136557265,0.10700812136557265,False,False,
2016.12,27,5,読みもしないで,0.3251312047969038,0.4118235288469652,0.4937371216313798,0.43020012583420625,0.35669373788524217,False,False,
2016.12,28,5,もっとも,0.09977417095286938,0.1499925954117548,0.19999991774245482,0.1499925954117548,0.1499925954117548,False,False,
2016.12,29,5,覚えておいでになり,0.4033538079901089,0.5503855687795645,0.7114966980436179,0.6149495124110052,0.35669373788524217,False,False,
2016.12,30,5,に越したことはない,0.0849402894043899,0.14187988300580323,0.19701277589792818,0.14187988300580323,0.14187988300580323,False,False,
2016.12,31,5,次第では,0.383912505249656,0.5707099806163874,0.736236721877589,0.5707099806163874,0.5707099806163874,True,False,
2016.12,32,5,知られては困る,0.09972417177896195,0.14998966606464234,0.1999998643802356,0.14998966606464234,0.14998966606464234,False,False,
2016.12,33,5,ばいいというものではない,0.383912505249656,0.5707099806163874,0.736236721877589,0.5707099806163874,0.5707099806163874,True,False,
2016.12,34,5,なるものと思われる,0.383912505249656,0.5707099806163874,0.736236721877589,0.5707099806163874,0.5707099806163874,True,False,
2016.12,35,5,辞めさせてもらおうかと思って,0.22445461073454814,0.34160498537645045,0.45311836093617774,0.360354983732536,0.2853549903081937,False,False,
2016.12,36,6,馬が食べると酔ったような状態になることに由来する,0.6648399769821803,0.7946331523869632,0.8896361676485673,0.7946331523869632,0.7946331523869632,True,True,
2016.12,37,6,仕事に夢中になりすぎる私に…気づかせてくれる,0.446448784004401,0.6207365596250363,0.773111286694468,0.6840739082758,0.43072451367274533,True,False,
2016.12,38,6,疑いがあるなどと報じられたことに対し,0.34482909890981656,0.4205846933772076,0.48097552713264247,0.44331196610094126,0.3524028752060067,False,False,
2016.12,39,6,判断してのことだという,0.21235072351097473,0.37834635468214195,0.5417851337193025,0.37834635468214195,0.37834635468214195,False,False,
2016.12,40,6,取っただけで希望の職につけるほど,0.4875686551826316,0.6404403544968569,0.7794310827757109,0.7117791020739053,0.4264241117657115,True,False,
2016.12,41,7,こちらにいえるとは限らない,0.1476586558652523,0.2853549903081937,0.44992244114741553,0.2853549903081937,0.2853549903081937,False,False,
2016.12,42,7,そういう時,0.8116999746280273,0.9198296075420932,0.971878510192807,0.9282524284715544,0.8945611447537093,True,True,
2016.12,43,7,トイレのことだ,0.099979513251051,0.14999986438023558,0.19999999979610394,0.14999986438023558,0.14999986438023558,False,False,
2016.12,44,7,ところがである,0.4484075311213117,0.5921800516123261,0.712108597099276,0.5934779987541673,0.5882862101868025,False,False,
2016.12,45,7,認識させられる出来事だった,0.5281997052945335,0.6671340227631084,0.7936756270982083,0.745393348376976,0.43235604592150567,True,True,
2017.07,26,5,いる限り,0.5906346234610091,0.7133874757704843,0.81804080208621,0.7133874757704843,0.7133874757704843,True,True,
2017.07,27,5,でないとすれば,0.2953173117305046,0.4637018592508148,0.6544326416689681,0.4637018592508148,0.4637018592508148,False,False,
2017.07,28,5,なんら問題はない,0.3627970909764934,0.554351345295425,0.7464487615643769,0.554351345295425,0.554351345295425,False,False,
2017.07,29,5,ことは否めない,0.0849402894043899,0.14187988300580323,0.19701277589792818,0.14187988300580323,0.14187988300580323,False,False,
2017.07,30,5,ご説明なさいます,0.3627970909764934,0.554351345295425,0.7464487615643769,0.554351345295425,0.554351345295425,False,False,
2017.07,31,5,においてさえ,0.09981510681417585,0.14999469438068042,0.19999995010827687,0.14999469438068042,0.14999469438068042,False,False,
2017.07,32,5,耐えぬいた末に,0.05906346234610091,0.10700812136557265,0.16360816041724202,0.10700812136557265,0.10700812136557265,False,False,
2017.07,33,5,したつもりが,0.09995440590172228,0.14999948550365383,0.19999999849340053,0.14999948550365383,0.14999948550365383,False,False,
2017.07,34,5,待つばかりとなった,0.05906346234610091,0.10700812136557265,0.16360816041724202,0.10700812136557265,0.10700812136557265,False,False,
2017.07,35,5,読みきれっこない,0.1938338794853473,0.35782445790148376,0.5276696782659589,0.35782445790148376,0.35782445790148376,False,False,
2017.07,36,6,こともあって赤ちゃんを一目見ようという多くの人,0.49574718510100335,0.6459477783035398,0.7809640513883358,0.7474104677997022,0.3415597098150526,True,False,
2017.07,37,6,改善なくして何の業績向上だ,0.5906346234610091,0.7133874757704843,0.81804080208621,0.7133874757704843,0.7133874757704843,True,True,
2017.07,38,6,音楽を作る才能にかけては…作曲家,0.3608722149058169,0.4323589959145001,0.4872687425868726,0.45508626864110435,0.3641771777346873,False,False,
2017.07,39,6,開発したものには遠く及ばないにしろ,0.5076620643379652,0.6488334940374123,0.7784940378007287,0.7651574697370576,0.2998615669384767,True,True,
2017.07,40,6,描いては直すを繰り返すこと数十回,0.09999995842356404,0.14999999999558822,0.19999999999999996,0.14999999999558822,0.14999999999558822,False,False,
2017.07,41,7,していたころでした,0.42750889147280985,0.5924829656893573,0.75578609167577,0.6721340609784304,0.35352967982213795,True,False,
2017.07,42,7,思って,0.09999382950979568,0.14999998164586076,0.19999999998984863,0.14999998164586076,0.14999998164586076,False,False,
2017.07,43,7,自分がもう一人いる,0.05906346234610091,0.10700812136557265,0.16360816041724202,0.10700812136557265,0.10700812136557265,False,False,
2017.07,44,7,聞いてます,0.1476586558652523,0.2853549903081937,0.44992244114741553,0.2853549903081937,0.2853549903081937,False,False,
2017.07,45,7,いたいです,0.09998322686860489,0.14999990282419245,0.1999999998763308,0.14999990282419245,0.14999990282419245,False,False,
2017.12,26,5,に先立ち,0.1813985454882467,0.3411392894125692,0.5131835235755091,0.3411392894125692,0.3411392894125692,False,False,
2017.12,27,5,がゆえに,0.6648399769821803,0.7946331523869632,0.8896361676485673,0.7946331523869632,0.7946331523869632,True,True,
2017.12,28,5,行くんなら,0.5906346234610091,0.7133874757704843,0.81804080208621,0.7133874757704843,0.7133874757704843,True,True,
2017.12,29,5,花を咲かせた,0.6648399769821803,0.7946331523869632,0.8896361676485673,0.7946331523869632,0.7946331523869632,True,True,
2017.12,30,5,お知らせ願います,0.7753355179413892,0.8945611447537093,0.9593994150290162,0.8945611447537093,0.8945611447537093,True,True,
2017.12,31,5,至らないまでも,0.3627970909764934,0.554351345295425,0.7464487615643769,0.554351345295425,0.554351345295425,False,False,
2017.12,32,5,洗ったつもりでも,0.5906346234610091,0.7133874757704843,0.81804080208621,0.7133874757704843,0.7133874757704843,True,True,
2017.12,33,5,食べるんじゃなかった,0.0998760623911667,0.14999727600421425,0.19999998164586075,0.14999727600421425,0.14999727600421425,False,False,
2017.12,34,5,高まりつつある,0.5906346234610091,0.7133874757704843,0.81804080208621,0.7133874757704843,0.7133874757704843,True,True,
2017.12,35,5,原因としている,0.6347153489839588,0.7648074933262567,0.8669500927990917,0.8595414556259693,0.48060560642711897,True,True,
2017.12,36,6,ことから物事を始めてしまった以上…こと,0.4166873769517838,0.5655906624049193,0.7166386674299309,0.6658283107191187,0.264877717462321,True,False,
2017.12,37,6,あの時…はずと後悔するような生き方,0.5678169477659516,0.7089320585751226,0.8243592627924887,0.7767022392335228,0.5056215165999227,True,False,
2017.12,38,6,ことによって…ことを目的に,0.4284451471938469,0.5343462192367825,0.6196057975220981,0.6051851195444619,0.32182951831374457,False,False,
2017.12,39,6,存続は難しいのではという危機感,0.7649555328381199,0.8877403362585529,0.9557174097751754,0.8993710405009294,0.852848223531423,True,True,
2017.12,40,6,教育現場の長としてあるまじき行為,0.6648399769821803,0.7946331523869632,0.8896361676485673,0.7946331523869632,0.7946331523869632,True,True,
2017.12,41,7,にとっても,0.26593599079287217,0.4370482338128298,0.6227453173539971,0.4370482338128298,0.4370482338128298,True,False,
2017.12,42,7,ある日,0.5906346234610091,0.7133874757704843,0.81804080208621,0.7133874757704843,0.7133874757704843,True,True,
2017.12,43,7,よく思う,0.529557633989473,0.6712327612931377,0.7962883534852813,0.7133874757704844,0.5447686178610972,True,True,
2017.12,44,7,ただ,0.11812692469220182,0.2782211155504889,0.49082448125172606,0.2782211155504889,0.2782211155504889,False,False,
2017.12,45,7,母親に会いたくなって,0.23614960520470824,0.39591015468695884,0.5493256827126535,0.39591015468695884,0.39591015468695884,False,False,
2018.07,26,5,と引きかえに,0.05906346234610091,0.10700812136557265,0.16360816041724202,0.10700812136557265,0.10700812136557265,False,False,
2018.07,27,5,守るべく,0.5906346234610091,0.7133874757704843,0.81804080208621,0.7133874757704843,0.7133874757704843,True,True,
2018.07,28,5,なにも怒らなくても,0.2953173117305046,0.4637018592508148,0.6544326416689681,0.4637018592508148,0.4637018592508148,False,False,
2018.07,29,5,探すったって,0.5906346234610091,0.7156489158029675,0.8634594735261145,0.7156489158029675,0.7156489158029675,True,True,
2018.07,30,5,なんと美しかったことか,0.2953173117305046,0.4637018592508148,0.6544326416689681,0.4637018592508148,0.4637018592508148,False,False,
2018.07,31,5,そうかと思えば,0.33241998849109017,0.5165115490515261,0.7117089341188539,0.5165115490515261,0.5165115490515261,False,False,
2018.07,32,5,のをいいことに,0.09628632108928331,0.14921257627578355,0.19990979364842135,0.14921257627578355,0.14921257627578355,False,False,
2018.07,33,5,聞かせていただく,0.5961204403907159,0.7219266651143946,0.8295148399454524,0.8184502048453576,0.43235604592150567,True,True,
2018.07,34,5,しかあるまい,0.6648399769821803,0.7946331523869632,0.8896361676485673,0.7946331523869632,0.7946331523869632,True,True,
2018.07,35,5,くれればよかったのに,0.6290573083851637,0.7601676418070022,0.8628690943801096,0.7757610304858416,0.7133874757704843,True,True,
2018.07,36,6,引っ越しするのを機に…買えずにいたソファ,0.2244562507961314,0.3416049903081347,0.45311836093879454,0.360354990308115,0.2853549903081937,False,False,
2018.07,37,6,であると言えば聞こえはいいが要するに,0.3216094281558753,0.5027650140585435,0.6916126809085109,0.5489609594998289,0.3641771777346873,False,False,
2018.07,38,6,私ごとき新人に務まるのかと,0.5002595012215375,0.6343697508762336,0.7620573943469211,0.7133874757704843,0.3973165761934816,True,True,
2018.07,39,6,得ることなしに進めたとして,0.4251828730795625,0.565534669540956,0.7168509614161158,0.6119048554660375,0.4264241117657115,False,False,
2018.07,40,6,現在における15歳未満の人口は,0.383912505249656,0.5707099806163874,0.736236721877589,0.5707099806163874,0.5707099806163874,True,False,
2018.07,41,7,消すように,0.0999981414840658,0.14999999751603735,0.19999999999949458,0.14999999751603735,0.14999999751603735,False,False,
2018.07,42,7,ひどいやつ,0.18646647167633873,0.38443485703782865,0.5980003806231164,0.38443485703782865,0.38443485703782865,False,False,
2018.07,43,7,が,0.4959944769589112,0.640712611798259,0.7748117656305457,0.6536452640056337,0.601914655176135,False,False,
2018.07,44,7,外すわけにもいかない,0.23625384938440364,0.4280324854622906,0.6135306015646574,0.4280324854622906,0.4280324854622906,True,False,
2018.07,45,7,励ます,0.6648399769821803,0.7946331523869632,0.8896361676485673,0.7946331523869632,0.7946331523869632,True,True,
2018.12,26,5,Tシャツにジーンズ,0.5906346234610091,0.7133874757704843,0.81804080208621,0.7133874757704843,0.7133874757704843,True,True,
2018.12,27,5,ならではの,0.5906346234610091,0.7133874757704843,0.81804080208621,0.7133874757704843,0.7133874757704843,True,True,
2018.12,28,5,なかなか見事,0.24239874217184776,0.3984954299917608,0.5498495394756836,0.3984954299917608,0.3984954299917608,False,False,
2018.12,29,5,見逃すところでした,0.0975106465816068,0.14959572318005487,0.19996681493779112,0.14959572318005487,0.14959572318005487,False,False,
2018.12,30,5,失われかねない,0.5013467698473363,0.6147897781401753,0.7197300057496847,0.6595178353778608,0.48060560642711897,False,False,
2018.12,31,5,聞こうにも聞けない,0.21235072351097473,0.37834635468214195,0.5889893775020711,0.37834635468214195,0.37834635468214195,False,False,
2018.12,32,5,任されるまでになった,0.5631223232207365,0.6946218491582643,0.8083709992846275,0.7659605967353127,0.48060560642711897,True,False,
2018.12,33,5,やってみなきゃ,0.0983313365019837,0.14979243735981213,0.19998779189785937,0.14979243735981213,0.14979243735981213,False,False,
2018.12,34,5,答えておけばいい,0.6648399769821803,0.7946331523869632,0.8896361676485673,0.7946331523869632,0.7946331523869632,True,True,
2018.12,35,5,失わせてしまうおそれがある,0.4127685870573066,0.5545971319859915,0.7081146342389251,0.6593619082434689,0.24030280321355948,False,False,
2018.12,36,6,苦しんでいるところを助けられた鶴が,0.5173303372869476,0.6738163520368198,0.8068589101834965,0.7984679470696009,0.2998615669384767,True,True,
2018.12,37,6,見なかったことにしてほうっておくわけにもいかず,0.3187899924770633,0.5039190304358337,0.6872310054906574,0.5923754943807819,0.23854963860098913,True,False,
2018.12,38,6,時代にあって…成長を続けている工作機械メーカー,0.5824490998959666,0.716350267901167,0.827597324717552,0.811015008561054,0.43235604592150567,True,True,
2018.12,39,6,専門家にして初めて書けるもの,0.5824490998959666,0.716350267901167,0.827597324717552,0.811015008561054,0.43235604592150567,True,True,
2018.12,40,6,決めたことならそれはそれでひとつの経験,0.4321459850384173,0.6357065219095706,0.8006725508837106,0.6357065219095706,0.6357065219095706,True,False,
2018.12,41,7,見つけられなかった,0.6648399769821803,0.7946331523869632,0.8896361676485673,0.7946331523869632,0.7946331523869632,True,True,
2018.12,42,7,一方で,0.6638850858580149,0.7866081253634116,0.8759360993862826,0.811015008561054,0.7133874757704843,True,True,
2018.12,43,7,その時のことである,0.4801809146469874,0.6053316398625656,0.7305348086097403,0.6590473015750812,0.4441846547250185,True,False,
2018.12,44,7,こうした装飾,0.6803780735087368,0.8122504653554812,0.9035701068898353,0.8962430934305455,0.5602725811302881,True,True,
2018.12,45,7,持っているのだ,0.7085074240491532,0.8486681831289499,0.9352697781532523,0.8962430934305455,0.705943452224163,True,True,
2019.07,26,5,こそ逃したが,0.0983313365019837,0.14979243735981213,0.19998779189785937,0.14979243735981213,0.14979243735981213,False,False,
2019.07,27,5,ことだから,0.33241998849109017,0.5165115490515261,0.7117089341188539,0.5165115490515261,0.5165115490515261,False,False,
2019.07,28,5,どうやらようだ,0.5906346234610091,0.7133874757704843,0.81804080208621,0.7133874757704843,0.7133874757704843,True,True,
2019.07,29,5,ないものか,0.5906346234610091,0.7133874757704843,0.81804080208621,0.7133874757704843,0.7133874757704843,True,True,
2019.07,30,5,書けてるじゃない,0.6648399769821803,0.7946331523869632,0.8896361676485673,0.7946331523869632,0.7946331523869632,True,True,
2019.07,31,5,とかで,0.09695949686873911,0.14943578624691028,0.19994528708206674,0.14943578624691028,0.14943578624691028,False,False,
2019.07,32,5,何の説明にもなっておらず,0.383912505249656,0.5707099806163874,0.736236721877589,0.5707099806163874,0.5707099806163874,True,False,
2019.07,33,5,来たり来なかったり,0.2953173117305046,0.4637018592508148,0.6544326416689681,0.4637018592508148,0.4637018592508148,False,False,
2019.07,34,5,させられるところだった,0.5350082269858092,0.6721137635004706,0.7957422835339407,0.7540103140787238,0.4264241117657115,True,True,
2019.07,35,5,なきゃいけないってわけじゃない,0.4200888759366428,0.5707099806163876,0.7219210078410803,0.642048728193436,0.35669373788524217,True,False,
2019.07,36,6,待たせることなく診察できるように,0.46856515981083774,0.6126543749525225,0.7589299997185643,0.7221115862109829,0.284282741177141,True,True,
2019.07,37,6,野菜不足になりがちなだけに,0.22445625237734082,0.34160499030819164,0.45311836093879454,0.3603549903081909,0.2853549903081937,False,False,
2019.07,38,6,きれいに洗うには…かといえばそうではなく,0.5906346234610091,0.7133874757704843,0.81804080208621,0.7133874757704843,0.7133874757704843,True,True,
2019.07,39,6,興味がある私としてはそれを知ったからには,0.46901218596002475,0.6340225654351961,0.7843227030296637,0.714575716689006,0.39236311167376636,True,False,
2019.07,40,6,育てた野菜を収穫して食べるということが,0.6947142286349777,0.8290636449507623,0.9189502521712735,0.9348255360182194,0.5117779717483909,True,True,
2019.07,41,7,まず,0.33241998849109017,0.5165115490515261,0.7117089341188539,0.5165115490515261,0.5165115490515261,False,False,
2019.07,42,7,別の顔,0.09999944022575787,0.1499999996638322,0.19999999999997486,0.1499999996638322,0.1499999996638322,False,False,
2019.07,43,7,いれば,0.5906346234610091,0.7133874757704843,0.81804080208621,0.7133874757704843,0.7133874757704843,True,True,
2019.07,44,7,わかってくるはずだ,0.44922628798417685,0.5903171994455227,0.7311972358531843,0.6449482286721264,0.4264241117657115,True,False,
2019.07,45,7,しかしその一方で,0.7248123832237912,0.8470980404008476,0.9247514405142394,0.8645863364054757,0.7946331523869632,True,True,
2019.12,26,5,を余儀なくされる,0.0999981414840658,0.14999999751603735,0.19999999999949458,0.14999999751603735,0.14999999751603735,False,False,
2019.12,27,5,そう簡単には直らない,0.3876677589706946,0.5814647440899111,0.767519532023213,0.5814647440899111,0.5814647440899111,False,False,
2019.12,28,5,を控えて,0.2953173117305046,0.4637018592508148,0.6544326416689681,0.4637018592508148,0.4637018592508148,False,False,
2019.12,29,5,でもあるまい,0.08767015180291969,0.14418168192813569,0.1981881569946609,0.14418168192813569,0.14418168192813569,False,False,
2019.12,30,5,ことと存じます,0.7333342382799346,0.8510937036043217,0.9259144722904269,0.8699138873434411,0.7946331523869632,True,True,
2019.12,31,5,出ようとしたとたん,0.42579310180923124,0.5606082834787679,0.6907900892407681,0.6053363407164534,0.4264241117657115,False,False,
2019.12,32,5,言うべきところを,0.33241998849109017,0.5165115490515261,0.7117089341188539,0.5165115490515261,0.5165115490515261,False,False,
2019.12,33,5,つけようがないだけに,0.50116915425408,0.6439751471110426,0.7897316363099217,0.7586796738352313,0.2998615669384767,True,True,
2019.12,34,5,くるんじゃなかった,0.5906346234610091,0.7133874757704843,0.81804080208621,0.7133874757704843,0.7133874757704843,True,True,
2019.12,35,5,ないともかぎらない,0.23614960520470824,0.39591015468695884,0.5493256827126535,0.39591015468695884,0.39591015468695884,False,False,
2019.12,36,6,読むことは読んだがあまり理解できた,0.2330830895954234,0.39429216106443965,0.5488882387451509,0.39429216106443965,0.39429216106443965,False,False,
2019.12,37,6,時間が惜しいくらい忙しい一日,0.7753355179413892,0.8945611447537093,0.9593994150290162,0.8945611447537093,0.8945611447537093,True,True,
2019.12,38,6,についてならともかく,0.09999999971986018,0.14999999999999894,0.2,0.14999999999999894,0.14999999999999894,False,False,
2019.12,39,6,譲れないという何かしらのこだわりを持つこと,0.660331451654856,0.7953193241779152,0.8918686379510605,0.8520146379914076,0.625233382737438,False,False,
2019.12,40,6,探したが売り切れているか残っていても,0.6648399769821803,0.7946331523869632,0.8896361676485673,0.7946331523869632,0.7946331523869632,True,True,
2019.12,41,7,わたしにとって,0.2161756921849818,0.3592765911071545,0.5125215673454289,0.4118322868021748,0.20160950402209343,False,False,
2019.12,42,7,もしかしたら,0.1908225603310644,0.3621421190279638,0.5453458518436711,0.40833339187262074,0.22356830049399298,False,False,
2019.12,43,7,否定しているわけではない,0.38174650873818805,0.5205868255650534,0.6836570331939795,0.5752178547916571,0.35669373788524217,True,False,
2019.12,44,7,生まれるからだが,0.1476586558652523,0.2853549903081937,0.44992244114741553,0.2853549903081937,0.2853549903081937,False,False,
2019.12,45,7,なり得ないのだと思う,0.6494629877589434,0.7742129670984792,0.8713354181587419,0.870249519546159,0.4861033097554397,True,True,
2020.12,26,5,ならではの,0.6648399769821803,0.7946331523869632,0.8896361676485673,0.7946331523869632,0.7946331523869632,True,True,
2020.12,27,5,ばかりに,0.383912505249656,0.5707099806163874,0.736236721877589,0.5707099806163874,0.5707099806163874,True,False,
2020.12,28,5,それが,0.6648399769821803,0.7946331523869632,0.8896361676485673,0.7946331523869632,0.7946331523869632,True,True,
2020.12,29,5,をもってすれば,0.6648399769821803,0.7946331523869632,0.8896361676485673,0.7946331523869632,0.7946331523869632,True,True,
2020.12,30,5,てもいないうちから,0.33241998849109017,0.5165115490515261,0.7117089341188539,0.5165115490515261,0.5165115490515261,False,False,
2020.12,31,5,しかたがないくせに,0.3271549259158561,0.41283510901038095,0.49401184674609344,0.43154889938542723,0.35669373788524217,False,False,
2020.12,32,5,一度対戦している,0.8494028940438989,0.9458658867053549,0.9850638794896407,0.9458658867053549,0.9458658867053549,True,True,
2020.12,33,5,お迎えにあがります,0.6938628265449627,0.8081959146628062,0.8869467902847656,0.8222675619010864,0.7659809729479656,True,True,
2020.12,34,5,どころではなかった,0.2953173117305046,0.4637018592508148,0.6544326416689681,0.4637018592508148,0.4637018592508148,False,False,
2020.12,35,5,無理ってもんだ,0.33241998849109017,0.5165115490515261,0.7117089341188539,0.5165115490515261,0.5165115490515261,False,False,
2020.12,36,6,語るうえで欠かせないイベントとして,0.49570425523029893,0.6409724032711769,0.7821760045150209,0.7055363469026177,0.44728057237685465,False,False,
2020.12,37,6,奪ってまで無理にやらせる必要は,0.5350082269858092,0.6721137635004706,0.7957422835339407,0.7540103140787238,0.4264241117657115,True,True,
2020.12,38,6,今日こそ何も起きませんように,0.5906346234610091,0.7133874757704843,0.81804080208621,0.7133874757704843,0.7133874757704843,True,True,
2020.12,39,6,介護に携わる人材を確保することが,0.7760183682065128,0.895652759023063,0.961990957634311,0.9564078534405892,0.7133874757704843,True,True,
2020.12,40,6,業績を伝えようと川北市が建設を進めていた記念美術館,0.6139903472035836,0.7472658383035168,0.8525585382083908,0.8314305892551935,0.4947715854484865,True,True,
2020.12,41,7,力である,0.5669212675839649,0.7054889292225212,0.8223849779177568,0.796533223656193,0.43235604592150567,True,True,
2020.12,42,7,あるとき,0.6648399769821803,0.7946331523869632,0.8896361676485673,0.7946331523869632,0.7946331523869632,True,True,
2020.12,43,7,思えてきた,0.7753355179413892,0.8945611447537093,0.9593994150290162,0.8945611447537093,0.8945611447537093,True,True,
2020.12,44,7,そういえば,0.0983313365019837,0.14979243735981213,0.19998779189785937,0.14979243735981213,0.14979243735981213,False,False,
2021.07,26,5,～ならまだしも,0.3266331813302618,0.5196272082529378,0.6965034756032902,0.5775413320915156,0.34588483673720455,True,False,
2021.07,27,5,な形容词词干＋極まりない,0.6648399769821803,0.7946331523869632,0.8896361676485673,0.7946331523869632,0.7946331523869632,True,True,
2021.07,28,5,～を皮切りに,0.2191753795072992,0.3844844851416952,0.5450174317353175,0.3844844851416952,0.3844844851416952,False,False,
2021.07,29,5,～だろうと～だろうと,0.5906346234610091,0.7133874757704843,0.81804080208621,0.7133874757704843,0.7133874757704843,True,True,
2021.07,30,5,～てしまったばかりに,0.5350082269858092,0.6773278786532564,0.81135023105555,0.7540103140787238,0.44728057237685465,True,True,
2021.07,31,5,～ようとするあまり,0.5124393231768328,0.6612968151079999,0.7930669148409598,0.7326355626850484,0.44728057237685465,True,False,
2021.07,32,5,～やってやれないことはない,0.6198670354541979,0.7503173287779747,0.8551486859865374,0.7626272797804716,0.7133874757704843,True,True,
2021.07,33,5,～ということになりかねない,0.3720998127804358,0.5172059199336011,0.6697709067080844,0.5707099806163874,0.35669373788524217,True,False,
2021.07,34,5,～にすぎない,0.5906346234610091,0.7133874757704843,0.81804080208621,0.7133874757704843,0.7133874757704843,True,True,
2021.07,35,5,～した次第です,0.24071580272320825,0.3979002034020895,0.5889893775020711,0.3979002034020895,0.3979002034020895,False,False,
2021.07,36,6,～てもらうまでもない,0.3655410342992474,0.5116472026007,0.6812490683435666,0.5632983575058526,0.35669373788524217,False,False,
2021.07,37,6,冗談だってことくらい～だろうに,0.5927365380420707,0.7310771067532182,0.8465581130693541,0.808865411538287,0.49771219239801234,True,False,
2021.07,38,6,～のみならず／取り組む姿勢そのものも,0.6468995025260168,0.7698516932988945,0.8638839831614734,0.8310203008997632,0.5863458704962885,True,True,
2021.07,39,6,あと一歩というところで優勝を逃した選手たち,0.4154646455492713,0.4592351114478358,0.49667675353063645,0.48196238417510856,0.3910532932660177,False,False,
2021.07,40,6,考えているのは／求めていることは何であって,0.48921041949415445,0.6303738007722296,0.761832843168448,0.7451088939182087,0.2861685213342925,False,False,
2021.07,41,7,思ったのである,0.5071113525421347,0.6163415442789874,0.7062632066041264,0.7131772892246117,0.32583430944211456,False,False,
2021.07,42,7,この箱のなかみなら,0.6378306586941638,0.7711664691243818,0.8729059705893053,0.8676900088553448,0.48159584993149285,True,True,
2021.07,43,7,とはいえ,0.5906346234610091,0.7133874757704843,0.81804080208621,0.7133874757704843,0.7133874757704843,True,True,
2021.07,44,7,こうして,0.6812708079359671,0.7950475403684358,0.8785590290446608,0.8222675619010864,0.7133874757704843,True,True,
2021.12,26,5,～はどうであれ,0.3627970909764934,0.554351345295425,0.7464487615643769,0.554351345295425,0.554351345295425,False,False,
2021.12,27,5,なんら～ない,0.5906346234610091,0.7133874757704843,0.81804080208621,0.7133874757704843,0.7133874757704843,True,True,
2021.12,28,5,～ものを,0.7035615392716117,0.832988058846376,0.9183455184681161,0.8457730276661801,0.7946331523869632,True,True,
2021.12,29,5,～かと思いきや,0.5906346234610091,0.7133874757704843,0.81804080208621,0.7133874757704843,0.7133874757704843,True,True,
2021.12,30,5,～ておいて／～といて,0.6487149393972846,0.7900105945321809,0.892094159656703,0.8810548889658527,0.5168777112311654,True,True,
2021.12,31,5,先生においでいただくからには,0.49188430096447544,0.6583380271704499,0.8007165959270509,0.733980740403826,0.4314098874703218,True,False,
2021.12,32,5,～どころではない,0.38292901311620486,0.4765547823156128,0.5627408892965695,0.4912876944469819,0.43235604592150567,False,False,
2021.12,33,5,～にもほどがある,0.5906346234610091,0.7133874757704843,0.81804080208621,0.7133874757704843,0.7133874757704843,True,True,
2021.12,34,5,どんなに～てもしきれない,0.41322636629786497,0.5645754923710266,0.7323964307236117,0.6338694105329546,0.35669373788524217,False,False,
2021.12,35,5,～ようになるぐらいだ,0.3644759780013217,0.4535108042695066,0.5325242418000167,0.4722422136281816,0.3973165761934816,False,False,
2021.12,36,6,Vるなり,0.24855039937328804,0.3989037535853485,0.5882668101557228,0.451530896766635,0.24102232404148913,False,False,
2021.12,37,6,～主人公を／その確かな表現力で／見事なまでに,0.397295440752212,0.5103896250257083,0.617419471613932,0.5771300107921785,0.3101684677262976,False,False,
2021.12,38,6,～んだったら／～ぐらいで／～ないで／～たらいい,0.45994697091038217,0.621299136147718,0.7808506332107042,0.7174274630771044,0.3329141553595593,True,False,
2021.12,39,6,～のに／～となると／～てしまうのが,0.5582159177342813,0.6978540047063954,0.8255224728556293,0.8171042291178687,0.3401033314719751,True,True,
2021.12,40,6,～している中で／このまま～ていては,0.5463602520867685,0.7060248723456853,0.8321755401824303,0.7326355626850484,0.6261928013275965,True,False,
2021.12,41,7,～驚くほどだ,0.5906346234610091,0.7133874757704843,0.81804080208621,0.7133874757704843,0.7133874757704843,True,True,
2021.12,42,7,片付けなくても,0.6648399769821803,0.7946331523869632,0.8896361676485673,0.7946331523869632,0.7946331523869632,True,True,
2021.12,43,7,必要なプロセスなのだと,0.6369645365043177,0.7471997087074145,0.8358365068674631,0.7998609005975872,0.5892161330368966,True,False,
2021.12,44,7,戻すことにしていこう,0.2261196774693536,0.40770944767469075,0.6109350309703726,0.47035431412160855,0.2197748483339375,True,False,
2022.07,26,5,いっさい～ない,0.6648399769821803,0.7946331523869632,0.8896361676485673,0.7946331523869632,0.7946331523869632,True,True,
2022.07,27,5,～と相まって,0.243776616454017,0.39892192848014635,0.5499087410789256,0.39892192848014635,0.39892192848014635,False,False,
2022.07,28,5,～につけ,0.5906346234610091,0.7133874757704843,0.81804080208621,0.7133874757704843,0.7133874757704843,True,True,
2022.07,29,5,～そうにないぐらい,0.5634580773992918,0.6991585303324288,0.8161732015948906,0.7831178496509537,0.44728057237685465,True,True,
2022.07,30,5,～ばいいかというと、そうではない,0.5906346234610091,0.7133874757704843,0.8397548567599239,0.7133874757704843,0.7133874757704843,True,True,
2022.07,31,5,～しきれなくなったことから,0.47286743362857575,0.6357065219095706,0.7883607767728785,0.7151698371482669,0.3973165761934816,True,False,
2022.07,32,5,～見込みだ,0.2247629352506681,0.3888826478043518,0.5469779195833588,0.3888826478043518,0.3888826478043518,False,False,
2022.07,33,5,～てはいられない,0.43823737787275957,0.6032671715364166,0.7662865848097589,0.6170019421492363,0.5620628596979574,False,False,
2022.07,34,5,～書くんだっけ,0.27206769422990285,0.34921324745111093,0.42528880082174453,0.37194051998515504,0.2810314298489787,False,False,
2022.07,35,5,～泣かせるつもりはなかった,0.5794474071077089,0.7230178521207694,0.8410586637810101,0.8159622512526863,0.4441846547250185,True,True,
2022.07,36,6,応援してくれるファンがいる限り,0.47286743362857575,0.6357065219095706,0.7896166119421226,0.7151698371482669,0.3973165761934816,True,False,
2022.07,37,6,市民を対象に／運動に関する意識調査,0.26136227291285125,0.3436079058885327,0.42620718760849363,0.3994100619837091,0.17620143760300336,False,False,
2022.07,38,6,～のは～ばこそだったのだと,0.5758563898734332,0.7079986084120989,0.824987777783553,0.8365014016251457,0.32249022877295863,True,True,
2022.07,39,6,～発売されたレインコート／～もさることながら,0.6250283730079605,0.7591259647004419,0.8640044919946901,0.8248136663679367,0.5620628596979574,True,True,
2022.07,40,6,～てもらおうと／～始めたコンテスト,0.622180125612738,0.7699936649079876,0.8821402107908344,0.8516085979022177,0.5251488659252975,True,True,
2022.07,41,7,そうした保育園,0.8646803180956921,0.954341449077282,0.9883628080273259,0.9643053458147176,0.9244497588649753,True,True,
2022.07,42,7,ただ,0.433579507677059,0.5693588679728827,0.714918082792918,0.6150264753233418,0.43235604592150567,False,False,
2022.07,43,7,入学したとたん,0.3963133822945282,0.5521680119754873,0.7090228820711701,0.6276650522631121,0.32567689111261244,True,False,
2022.07,44,7,たくましく思えます,0.5499166304799851,0.6915592580555986,0.8126049038724078,0.7133874757704844,0.6260746049109408,True,True,
2022.12,26,5,～をも,0.2992155211872619,0.4537798312637764,0.6263227203902735,0.483980082160347,0.3631790785740648,False,False,
2022.12,27,5,いつか～たことがある,0.4215216333827589,0.5806628135788073,0.744097396668741,0.658922139192675,0.34588483673720455,True,False,
2022.12,28,5,～をもって,0.7255941819529867,0.852848223531423,0.9330609519554711,0.852848223531423,0.852848223531423,True,True,
2022.12,29,5,誘われるまま,0.5947985968600294,0.730832133446665,0.8416172500547697,0.7949742972319094,0.5384056420909317,True,False,
2022.12,30,5,～場合を除いて,0.09695949686873911,0.14943578624691028,0.19994528708206674,0.14943578624691028,0.14943578624691028,False,False,
2022.12,31,5,～とは存じますが,0.7255941819529867,0.852848223531423,0.9330609519554711,0.852848223531423,0.852848223531423,True,True,
2022.12,32,5,～てからというもの,0.23866025583882344,0.39706949777780254,0.5495910058908501,0.39706949777780254,0.39706949777780254,False,False,
2022.12,33,5,～っぱなしだった,0.23866025583882344,0.39706949777780254,0.5495910058908501,0.39706949777780254,0.39706949777780254,False,False,
2022.12,34,5,～なんてもんじゃない,0.3876677589706946,0.5814647440899111,0.767519532023213,0.5814647440899111,0.5814647440899111,False,False,
2022.12,35,5,～たかったものだ,0.3013005305744983,0.3812191206166089,0.45349303574034405,0.40394639333698834,0.3130373024554704,False,False,原库选项为「乗りたかったものだ」，据此记录过去愿望回忆；是否原卷为其他形式需原卷核对，不改动。
2022.12,36,6,～日もあれば～日もあり,0.383912505249656,0.5707099806163874,0.736236721877589,0.5707099806163874,0.5707099806163874,True,False,
2022.12,37,6,～ものとは思えないほどのデザイン,0.7821760620841012,0.8774362197608733,0.9353849588137757,0.9757308762762679,0.5825522502146897,True,True,
2022.12,38,6,～こともあって／～という自覚,0.7187832696964851,0.8348244127997424,0.9252593996164548,0.8983280609663795,0.6443134682998312,True,True,
2022.12,39,6,誰に何と言われようとも／これだと思える道,0.5720783936114033,0.7059809451195355,0.8222203049427297,0.7755714425561369,0.49720945280973144,True,False,
2022.12,40,6,～か否かにかかっている,0.3278173117293868,0.4129437378852422,0.49402040104310496,0.4316937378852422,0.35669373788524217,False,False,
2022.12,41,7,たしかに～でも,0.6061734368842074,0.7247896829061912,0.8302202543759302,0.8222675619010864,0.43235604592150567,True,True,
2022.12,42,7,そのためだ,0.4658847402185917,0.5663569789377869,0.6516951640375663,0.6227037798525553,0.3973165761934816,False,False,
2022.12,43,7,言語感覚すら,0.16620999424554508,0.3178532609547853,0.4892998922067121,0.3178532609547853,0.3178532609547853,False,False,
2022.12,44,7,使者のようでもある,0.4489493142038248,0.5858258900395108,0.72569118774961,0.6568965753337961,0.372613834156655,True,False,
2023.07,26,5,誇りに思う,0.2953173117305046,0.4637018592508148,0.6544326416689681,0.4637018592508148,0.4637018592508148,False,False,
2023.07,27,5,～からしか～ない,0.7255941819529867,0.852848223531423,0.9330609519554711,0.852848223531423,0.852848223531423,True,True,
2023.07,28,5,な形容词词干＋そのもの,0.4383507590145984,0.6357065219095706,0.8006725508837106,0.6357065219095706,0.6357065219095706,True,False,
2023.07,29,5,～するうちに,0.243776616454017,0.39892192848014635,0.5499087410789256,0.39892192848014635,0.39892192848014635,False,False,
2023.07,30,5,～できずにいたところ,0.347755347540776,0.5376910108003766,0.7161680551805466,0.6032082512629791,0.3411392894125692,True,False,
2023.07,31,5,～んじゃないかというぐらい,0.5835147880010764,0.7313371841997727,0.8630395348520488,0.8528261047807184,0.36687042245693563,True,False,
2023.07,32,5,～なくもない,0.6887734516676496,0.8210945483617177,0.9120065110793966,0.8299150136866358,0.7946331523869632,True,True,
2023.07,33,5,方がおいでくださいました,0.5361264214609954,0.6875845058777702,0.8268147042734376,0.7716724176910018,0.43532077043807554,True,True,
2023.07,34,5,～したつもりになれる,0.6648399769821803,0.7946331523869632,0.8896361676485673,0.7946331523869632,0.7946331523869632,True,True,
2023.07,35,5,～読めるんだもん,0.5906346234610091,0.7133874757704843,0.8397548567599239,0.7133874757704843,0.7133874757704843,True,True,
2023.07,36,6,～反面／あまりに大きすぎるジェスチャー,0.4634159190563134,0.6039244960568766,0.7629067163339689,0.7103549642383209,0.2846330915125439,False,False,
2023.07,37,6,アクセスが可能な環境／いながらにして,0.383912505249656,0.5707099806163874,0.736236721877589,0.5707099806163874,0.5707099806163874,True,False,
2023.07,38,6,経験を積んだ昆虫学者／迷うほど判別が難しい,0.7197444599589857,0.8452202467485217,0.928544481024023,0.9294864045456195,0.5924217733572283,True,True,
2023.07,39,6,～といえばうそになるが／～という気持ち,0.8160602794142788,0.9244497588649753,0.9753745004128304,0.9244497588649753,0.9244497588649753,True,True,
2023.07,40,6,今でこそ～が／30年前までは,0.42304628005594597,0.5769070275552526,0.7303267918143375,0.6794750963918482,0.26920282104546583,True,False,
2023.07,41,7,自作评价与自谦否定,0.5281997052945335,0.6671340227631084,0.7936756270982083,0.745393348376976,0.43235604592150567,True,True,原库答案为1「小説であってもだ」，但前后自谦语境及接续值得对照原卷复核。标签标注所需能力，不把该答案作为已确认正确的例句。
2023.07,42,7,褒めたり叱ったりする,0.23625384938440364,0.4280324854622906,0.6135306015646574,0.4280324854622906,0.4280324854622906,True,False,
2023.07,43,7,否定できなくなる,0.5281997052945335,0.6671340227631084,0.7936756270982083,0.745393348376976,0.43235604592150567,True,True,
2023.07,44,7,一生の仕事とは,0.5081961346493096,0.6476877600477513,0.7770496184312535,0.6596903924885269,0.6116798627254243,False,False,
2023.12,26,5,～を機に,0.5906346234610091,0.7133874757704843,0.81804080208621,0.7133874757704843,0.7133874757704843,True,True,
2023.12,27,5,～あっての,0.32705323020538035,0.5244480219340998,0.719767833838631,0.5352569691592419,0.49202118025867353,False,False,
2023.12,28,5,Vては,0.383912505249656,0.5707099806163874,0.736236721877589,0.5707099806163874,0.5707099806163874,True,False,
2023.12,29,5,～てばかりいたせいか,0.33241998849109017,0.5165115490515261,0.7117089341188539,0.5165115490515261,0.5165115490515261,False,False,
2023.12,30,5,私個人といたしましては,0.5189907723125222,0.643562510690101,0.8000081818162127,0.7270238055662752,0.3931786260615781,False,False,
2023.12,31,5,Vたはいいが,0.41863706001964474,0.6102704752524579,0.7919672546570842,0.6437446173937565,0.5098480488285622,False,False,
2023.12,32,5,不快な思いをした,0.5906346234610091,0.7133874757704843,0.81804080208621,0.7133874757704843,0.7133874757704843,True,True,
2023.12,33,5,見えました,0.5920850154483703,0.7302146116356812,0.8495223631648463,0.7636671274226726,0.6298570642747073,False,False,
2023.12,34,5,～ようとしている,0.24490472450270423,0.399227528000987,0.5499446486663961,0.399227528000987,0.399227528000987,False,False,
2023.12,35,5,～ないほうがいいに決まっている,0.5906346234610091,0.7133874757704843,0.81804080208621,0.7133874757704843,0.7133874757704843,True,True,
2023.12,36,6,～できないとの問い合わせ／調査したところ,0.6813796576015722,0.7975173998223525,0.8824305762281518,0.883927465974998,0.5382872013644159,True,True,
2023.12,37,6,さすが～だけあって,0.5906346234610091,0.7133874757704843,0.81804080208621,0.7133874757704843,0.7133874757704843,True,True,
2023.12,38,6,～何だったのかも思い出せないほど,0.637698288649483,0.7793878711019679,0.8847286395156904,0.88658299820219,0.4578024898013016,True,True,
2023.12,39,6,知る限りでは／～分析している論文,0.4405301397069881,0.5184748794324876,0.5726872502064152,0.5372248794324876,0.46222487943248763,False,False,
2023.12,40,6,レシピに沿って／～だけで／～と評判,0.40667638360480896,0.4564998555937663,0.49617339414253236,0.47922712832103903,0.38831803741194815,False,False,
2023.12,41,7,面白いものを選ばなければならない,0.3906027953241263,0.5527369038639082,0.7168141222374687,0.6249280222591533,0.33616354867817283,True,False,
2023.12,42,7,～ということだ,0.638016539956597,0.7674325404004796,0.8642127450090367,0.8153465323954885,0.6236905644154529,True,True,
2023.12,43,7,小説でもそうだ,0.7255941819529867,0.852848223531423,0.9330609519554711,0.852848223531423,0.852848223531423,True,True,
2023.12,44,7,～アプローチかもしれない,0.4874228878905464,0.6298032747814089,0.7658836208107281,0.7363482104664458,0.3101684677262976,True,True,
2024.07,26,5,V连用形＋はする,0.573172646822516,0.7163738267730956,0.8370667577420611,0.7946331523869632,0.48159584993149285,True,True,
2024.07,27,5,～にして,0.4321459850384173,0.6357065219095706,0.8006725508837106,0.6357065219095706,0.6357065219095706,True,False,
2024.07,28,5,お越しになる際は,0.4383507590145984,0.6247872883552547,0.7927526279786437,0.6247872883552547,0.6247872883552547,False,False,
2024.07,29,5,～かどうかはともかく,0.2396548034326807,0.36582597352842783,0.47964645635807035,0.381816877719642,0.3178532609547853,False,False,
2024.07,30,5,あたかも～かのごとく,0.4321459850384173,0.6357065219095706,0.8006725508837106,0.6357065219095706,0.6357065219095706,True,False,
2024.07,31,5,～始末だ,0.2953173117305046,0.4637018592508148,0.6544326416689681,0.4637018592508148,0.4637018592508148,False,False,
2024.07,32,5,～だけのことだ,0.4321459850384173,0.6357065219095706,0.8006725508837106,0.6357065219095706,0.6357065219095706,True,False,
2024.07,33,5,～悩まされることはない,0.6602689927421742,0.7608911277515185,0.8467163002868904,0.8495589392157916,0.49488769335869853,True,True,
2024.07,34,5,～強まる見込みです,0.5906346234610091,0.7133874757704843,0.81804080208621,0.7133874757704843,0.7133874757704843,True,True,
2024.07,35,5,～たがるものです,0.15825925962320156,0.31430662098775825,0.5000807815130185,0.3179403661647308,0.30340538545684054,False,False,
2024.07,36,6,～んだから／子供がそうなるのも,0.5812565161913322,0.7005869508172831,0.8025804638094156,0.7919745638344736,0.4264241117657115,True,False,原题含「引けなくって」「勢いの前」等疑似转录异常；据可辨句法标注，原文保留。
2024.07,37,6,産卵を控えた雌に限っての行動,0.22445625262479746,0.34160499030819375,0.45311836093879454,0.36035499030819373,0.2853549903081937,False,False,
2024.07,38,6,～うえに／～ことを踏まえ,0.46225188968033737,0.5779506702279688,0.6709506500382689,0.6358040088113902,0.40439065447770417,False,False,原选项「評判も良くなった」与改换问卷形式的语境可能不符，疑漏否定；只标结构，不修订原文。
2024.07,39,6,～だけでこんなにも～なんて思っていなかった,0.7753355179413892,0.8945611447537093,0.9593994150290162,0.8945611447537093,0.8945611447537093,True,True,原选项「睡眠の質があるなんて」疑有漏字，保留原文并按引用接续标注。
2024.07,40,6,～取り入れるメリットは理解しつつも,0.5699591537866243,0.7197545792123821,0.8510613342695722,0.7723184857171903,0.5620628596979574,False,False,
2024.07,41,7,会って話すことで,0.2953173117305046,0.4637018592508148,0.6544326416689681,0.4637018592508148,0.4637018592508148,False,False,
2024.07,42,7,会ってこそ,0.24196934972469258,0.42591358521885847,0.6165004273014933,0.43349657537170827,0.40316461476030907,True,False,
2024.07,43,7,思い出してください,0.38356643631180976,0.47667422773959695,0.5627520012643698,0.491446955012294,0.43235604592150567,False,False,
2024.07,44,7,～というわけです,0.7035261151214182,0.8291143755841297,0.914736075661458,0.8676900088553448,0.7133874757704843,True,True,
2024.12,26,5,Vるだけ無駄,0.2953173117305046,0.4637018592508148,0.6544326416689681,0.4637018592508148,0.4637018592508148,False,False,
2024.12,27,5,～を受けて,0.6648399769821803,0.7946331523869632,0.8896361676485673,0.7946331523869632,0.7946331523869632,True,True,
2024.12,28,5,Vるなり,0.383912505249656,0.5707099806163874,0.736236721877589,0.5707099806163874,0.5707099806163874,True,False,
2024.12,29,5,～恐れがある以上,0.5002595012215375,0.6343697508762336,0.7712858675832496,0.7133874757704843,0.3973165761934816,True,True,原题「第三者が不正にアクセスされる」的助词／语态疑有转录问题；本次标注空格所考风险和理由，不校改。
2024.12,30,5,VきれないほどのN,0.6039629279839269,0.7490580740422595,0.8745584220083971,0.866805009270083,0.3958172683587892,True,False,
2024.12,31,5,～たいところだが,0.37890983052685084,0.5305307329649351,0.6851870486367794,0.595384139853161,0.3359705123002576,True,False,
2024.12,32,5,～てみせた,0.5906346234610091,0.7133874757704843,0.81804080208621,0.7133874757704843,0.7133874757704843,True,True,
2024.12,33,5,～という（传闻）,0.383912505249656,0.5707099806163874,0.736236721877589,0.5707099806163874,0.5707099806163874,True,False,
2024.12,34,5,～ことがあってはならない,0.42829145845163896,0.6074527644587151,0.7728460919226418,0.6799970069382802,0.3898200370200197,False,False,
2024.12,35,5,私なんかでいいんですか,0.34567564388256355,0.4211830045215121,0.5038251479918218,0.467728777950913,0.2815456842333093,False,False,
2024.12,36,6,V连用形＋こそしなかったが,0.5906346234610091,0.7133874757704843,0.81804080208621,0.7133874757704843,0.7133874757704843,True,True,
2024.12,37,6,～がゆえに／～男の日常を描いた,0.47163621826944135,0.6822785788251384,0.8397548567599239,0.6822785788251384,0.6822785788251384,True,False,
2024.12,38,6,ビジネス書に抵抗がある人にも,0.5512997971097371,0.6669124059633014,0.822896648184597,0.7579160354387187,0.3939015175370491,False,False,「思われるがち」疑为转录异常；关系从句与助词接续仍可辨，保留原文。
2024.12,39,6,～と思ったら今度は,0.43065550232900324,0.5860672641528261,0.7428579409080042,0.594068732304449,0.5620628596979574,False,False,
2024.12,40,6,～ないことには／売れるも売れないもない,0.4052202049363193,0.5786034749886678,0.7498534822151565,0.6467577947795211,0.37414051561610795,False,False,
2024.12,41,7,～気を使わせられはしない,0.37624271051284475,0.5514138340651704,0.7220119373287497,0.6231639291941696,0.33616354867817283,True,False,
2024.12,42,7,それにもかかわらず,0.5403610809140116,0.680305595731059,0.825383756283033,0.7759662746015715,0.3933235591195214,False,False,
2024.12,43,7,～承知していれば,0.6160033208871754,0.7612483348479253,0.8697356900949784,0.7979091410801442,0.6512659161512685,True,True,
2024.12,44,7,ピアスだって,0.5499166304799851,0.6915592580555986,0.8126049038724078,0.7133874757704844,0.6260746049109408,True,True,
2025.07,26,5,Vてまで,0.4321459850384173,0.6357065219095706,0.8006725508837106,0.6357065219095706,0.6357065219095706,True,False,
2025.07,27,5,～にあっても,0.4321459850384173,0.6357065219095706,0.8006725508837106,0.6357065219095706,0.6357065219095706,True,False,
2025.07,28,5,～だろうが～だろうが,0.4080301397071394,0.600892343262234,0.7802996003302644,0.600892343262234,0.600892343262234,False,False,
2025.07,29,5,～というときに限って,0.45912250042212244,0.6351339707448611,0.7804722413707066,0.6982714365340839,0.44572157337719265,True,False,
2025.07,30,5,Nを題材としながらも,0.23651498810866609,0.35669617159788714,0.47514980016513075,0.37544617158681054,0.300446171631117,False,False,
2025.07,31,5,～ほどではないものの,0.5350082269858092,0.6721137635004706,0.7957422835339407,0.7540103140787238,0.4264241117657115,True,True,
2025.07,32,5,～ようとはしなかった,0.7267332927262128,0.8628534611948422,0.946425212527742,0.9126754563362949,0.7133874757704843,True,True,
2025.07,33,5,～てまいります,0.6147513633553897,0.7438546045016639,0.8484688324502119,0.7540103140787238,0.7133874757704843,True,True,
2025.07,34,5,～なっていたかもしれない,0.5246677047766848,0.6749166682798889,0.8028015088962283,0.7518273394648457,0.4441846547250185,True,False,
2025.07,35,5,～ずに済むわけがない,0.3278173083984021,0.4129437378850817,0.49402040104310496,0.43169373788502824,0.35669373788524217,False,False,
2025.07,36,6,V连用形＋でもしない限り,0.5906346234610091,0.7133874757704843,0.8397548567599239,0.7133874757704843,0.7133874757704843,True,True,
2025.07,37,6,～存在であるコンビニ／～店舗,0.54207861779908,0.6361976102212589,0.727269059442099,0.6362196399769376,0.6361315209542225,False,False,
2025.07,38,6,いくら～からといって／一向に～ない,0.2740001433300806,0.4646118591542888,0.6764522609840196,0.5270905879898143,0.2771756726477125,False,False,
2025.07,39,6,～といった症状／病気のサイン,0.7826265470740215,0.880170838304394,0.9530147555362567,0.9744236626561416,0.597412365249151,True,True,
2025.07,40,6,～資源が失われつつある現状について,0.5560243602863378,0.7000847974744732,0.8302593069080088,0.7853848450576247,0.4441846547250185,True,False,
2025.07,41,7,それだけが～ではありません,0.3490113684087781,0.4998064703873356,0.6705455665585449,0.5620628596979573,0.3130373024554704,False,False,
2025.07,42,7,～失敗するものなのです,0.5448167219837893,0.6765885775933146,0.7922793225143674,0.7773799905746622,0.3742143386492717,True,False,
2025.07,43,7,誤解を解くためには,0.34764909399068356,0.49624265020573927,0.6422619704179128,0.5103322508684587,0.453973848217581,False,False,
2025.07,44,7,逃避でしょう,0.6544248617953254,0.7915216406164338,0.8971977522578735,0.8175663622317504,0.7133874757704843,True,True,
2025.12,26,5,とても～ない,0.4383507590145984,0.6247872883552547,0.7927526279786437,0.6247872883552547,0.6247872883552547,False,False,
2025.12,27,5,～なくしては,0.4655566391698811,0.6467827911908963,0.8024262537848774,0.666308109794173,0.5882068353810663,True,False,
2025.12,28,5,～くらいなら～ほうがいい,0.099588512647549,0.14997987224232584,0.19999963134725882,0.14997987224232584,0.14997987224232584,False,False,
2025.12,29,5,Nを～とするには,0.509198637498961,0.6431296183082398,0.7697020274174794,0.7133874757704844,0.43235604592150567,True,True,
2025.12,30,5,悩まされながらも,0.5901415516472238,0.73595167941867,0.8484686784796218,0.8488300471603996,0.3973165761934816,True,True,
2025.12,31,5,～に越したことはない,0.5906346234610091,0.7133874757704843,0.81804080208621,0.7133874757704843,0.7133874757704843,True,True,
2025.12,32,5,～ていたのに／反事实条件,0.7853987725388989,0.9048725442789183,0.9670197820484392,0.9416190082429033,0.7946331523869632,True,True,
2025.12,33,5,～てくれたものだ,0.5253280192389556,0.6740797220991452,0.8191715813994298,0.7415937707598026,0.4715375761171734,False,False,
2025.12,34,5,～みたいなところがある,0.2558182351531395,0.381103094327913,0.5275235013285958,0.43840773013590606,0.20918918690393395,False,False,
2025.12,35,5,～てばかりもいられない,0.5906346234610091,0.7133874757704843,0.81804080208621,0.7133874757704843,0.7133874757704843,True,True,
2025.12,36,6,NもNならNもNだ,0.191956252624828,0.3709614874006519,0.5889893775020711,0.3709614874006519,0.3709614874006519,False,False,
2025.12,37,6,どんなに～ても／VのがNだ,0.6577910912725119,0.7735272993560072,0.8811037353691824,0.8457060986578686,0.5569909014504227,True,False,
2025.12,38,6,～演技は／～彼ならでは,0.5906346234610091,0.7156489158029675,0.8634594735261145,0.7156489158029675,0.7156489158029675,True,True,原库给出的完整排序2→3→1→4与题干衔接不顺；本次依据可辨认的修饰结构及ならでは标注，不重新确认或修改答案。
2025.12,39,6,～ことが～のか／Vるなり,0.5974171939535771,0.7255623435516406,0.8337657415751231,0.8511334695323792,0.34884896560942463,True,True,
2025.12,40,6,～たうえでの決断ならば,0.3425231576336848,0.5082923617352061,0.6902478254010195,0.602139206431566,0.22675182764612603,True,False,
2025.12,41,7,～からでもあります,0.5285224458918704,0.6839174252547502,0.8152464065477099,0.7757610304858416,0.408386609561476,True,True,
2025.12,42,7,～示すのです,0.4046881846031201,0.5557400577624605,0.6905786219699278,0.5600795447523728,0.5427215967927238,False,False,
2025.12,43,7,～利用すれば,0.7753355179413892,0.8945611447537093,0.9593994150290162,0.8945611447537093,0.8945611447537093,True,True,
2025.12,44,7,そこで,0.38343774450357804,0.47666592825939,0.5627517977415801,0.4914358890386848,0.43235604592150567,False,False,
