year,id,group,number,target,target_hit,known_distractors,no_elimination,conditional_elimination,reference_questions
2010.07,sbry-n1-2010.07-文字・語彙-1-1,1,1,繁盛,True,0,1.0,1.0,750
2010.07,sbry-n1-2010.07-文字・語彙-1-2,1,2,契約,True,1,1.0,1.0,750
2010.07,sbry-n1-2010.07-文字・語彙-1-3,1,3,潤って,True,1,1.0,1.0,750
2010.07,sbry-n1-2010.07-文字・語彙-1-4,1,4,手薄,False,0,0.25,0.25,750
2010.07,sbry-n1-2010.07-文字・語彙-1-5,1,5,壊されて,False,1,0.25,0.3333333333333333,750
2010.07,sbry-n1-2010.07-文字・語彙-1-6,1,6,華々しく,False,0,0.25,0.25,750
2010.07,sbry-n1-2010.07-文字・語彙-2-7,2,7,完結,True,0,1.0,1.0,750
2010.07,sbry-n1-2010.07-文字・語彙-2-8,2,8,フォロー,False,2,0.25,0.5,750
2010.07,sbry-n1-2010.07-文字・語彙-2-9,2,9,念願,True,1,1.0,1.0,750
2010.07,sbry-n1-2010.07-文字・語彙-2-10,2,10,本音,True,1,1.0,1.0,750
2010.07,sbry-n1-2010.07-文字・語彙-2-11,2,11,やんわり,False,1,0.25,0.3333333333333333,750
2010.07,sbry-n1-2010.07-文字・語彙-2-12,2,12,当,False,1,0.25,0.3333333333333333,750
2010.07,sbry-n1-2010.07-文字・語彙-2-13,2,13,綿密な,True,1,1.0,1.0,750
2010.07,sbry-n1-2010.07-文字・語彙-3-14,3,14,ルーズ,True,1,1.0,1.0,750
2010.07,sbry-n1-2010.07-文字・語彙-3-15,3,15,なじんで,True,3,1.0,1.0,750
2010.07,sbry-n1-2010.07-文字・語彙-3-16,3,16,張り合っている,True,1,1.0,1.0,750
2010.07,sbry-n1-2010.07-文字・語彙-3-17,3,17,朗報,False,0,0.25,0.25,750
2010.07,sbry-n1-2010.07-文字・語彙-3-18,3,18,わずらわしい,True,3,1.0,1.0,750
2010.07,sbry-n1-2010.07-文字・語彙-3-19,3,19,いやみ,True,3,0.25,1.0,750
2010.07,sbry-n1-2010.07-文字・語彙-4-20,4,20,密集,False,0,0.25,0.25,750
2010.07,sbry-n1-2010.07-文字・語彙-4-21,4,21,潔い,True,0,1.0,1.0,750
2010.07,sbry-n1-2010.07-文字・語彙-4-22,4,22,発足,True,0,1.0,1.0,750
2010.07,sbry-n1-2010.07-文字・語彙-4-23,4,23,にぎわう,False,0,0.25,0.25,750
2010.07,sbry-n1-2010.07-文字・語彙-4-24,4,24,ひとまず,True,0,1.0,1.0,750
2010.07,sbry-n1-2010.07-文字・語彙-4-25,4,25,満喫,False,0,0.25,0.25,750
2010.12,sbry-n1-2010.12-文字・語彙-1-1,1,1,本筋,False,0,0.25,0.25,750
2010.12,sbry-n1-2010.12-文字・語彙-1-2,1,2,伴奏,False,0,0.25,0.25,750
2010.12,sbry-n1-2010.12-文字・語彙-1-3,1,3,推理,False,1,0.25,0.3333333333333333,750
2010.12,sbry-n1-2010.12-文字・語彙-1-4,1,4,極めて,False,1,0.25,0.3333333333333333,750
2010.12,sbry-n1-2010.12-文字・語彙-1-5,1,5,練って,True,1,1.0,1.0,750
2010.12,sbry-n1-2010.12-文字・語彙-1-6,1,6,締めた,False,0,0.25,0.25,750
2010.12,sbry-n1-2010.12-文字・語彙-2-7,2,7,報じた,False,1,0.25,0.3333333333333333,750
2010.12,sbry-n1-2010.12-文字・語彙-2-8,2,8,及ぼす,False,2,0.25,0.5,750
2010.12,sbry-n1-2010.12-文字・語彙-2-9,2,9,キャリア,True,1,1.0,1.0,750
2010.12,sbry-n1-2010.12-文字・語彙-2-10,2,10,上,True,2,1.0,1.0,750
2010.12,sbry-n1-2010.12-文字・語彙-2-11,2,11,円滑に,True,1,1.0,1.0,750
2010.12,sbry-n1-2010.12-文字・語彙-2-12,2,12,結束,False,1,0.25,0.3333333333333333,750
2010.12,sbry-n1-2010.12-文字・語彙-2-13,2,13,背景,False,1,0.25,0.3333333333333333,750
2010.12,sbry-n1-2010.12-文字・語彙-3-14,3,14,まばらだった,False,2,0.25,0.25,750
2010.12,sbry-n1-2010.12-文字・語彙-3-15,3,15,どんよりした天気だった,False,0,0.25,0.25,750
2010.12,sbry-n1-2010.12-文字・語彙-3-16,3,16,丹念に,False,3,0.25,0.25,750
2010.12,sbry-n1-2010.12-文字・語彙-3-17,3,17,はかどっている,True,2,1.0,1.0,750
2010.12,sbry-n1-2010.12-文字・語彙-3-18,3,18,見合わせる,True,1,1.0,1.0,750
2010.12,sbry-n1-2010.12-文字・語彙-3-19,3,19,やむをえず,False,2,0.25,0.25,750
2010.12,sbry-n1-2010.12-文字・語彙-4-20,4,20,調達,True,0,1.0,1.0,750
2010.12,sbry-n1-2010.12-文字・語彙-4-21,4,21,細心,False,0,0.25,0.25,750
2010.12,sbry-n1-2010.12-文字・語彙-4-22,4,22,意地,False,0,0.25,0.25,750
2010.12,sbry-n1-2010.12-文字・語彙-4-23,4,23,めきめき,True,0,1.0,1.0,750
2010.12,sbry-n1-2010.12-文字・語彙-4-24,4,24,目先,True,0,1.0,1.0,750
2010.12,sbry-n1-2010.12-文字・語彙-4-25,4,25,見落とす,True,0,1.0,1.0,750
2011.07,sbry-n1-2011.07-文字・語彙-1-1,1,1,利益,True,1,1.0,1.0,750
2011.07,sbry-n1-2011.07-文字・語彙-1-2,1,2,逃れた,False,1,0.25,0.3333333333333333,750
2011.07,sbry-n1-2011.07-文字・語彙-1-3,1,3,考慮,False,0,0.25,0.25,750
2011.07,sbry-n1-2011.07-文字・語彙-1-4,1,4,遮る,False,0,0.25,0.25,750
2011.07,sbry-n1-2011.07-文字・語彙-1-5,1,5,根拠,True,0,1.0,1.0,750
2011.07,sbry-n1-2011.07-文字・語彙-1-6,1,6,肝心,True,0,1.0,1.0,750
2011.07,sbry-n1-2011.07-文字・語彙-2-7,2,7,まみれ,False,0,0.25,0.25,750
2011.07,sbry-n1-2011.07-文字・語彙-2-8,2,8,弾む,False,0,0.25,0.25,750
2011.07,sbry-n1-2011.07-文字・語彙-2-9,2,9,実情,False,0,0.25,0.25,750
2011.07,sbry-n1-2011.07-文字・語彙-2-10,2,10,逸材,False,0,0.25,0.25,750
2011.07,sbry-n1-2011.07-文字・語彙-2-11,2,11,不備,False,2,0.25,0.5,750
2011.07,sbry-n1-2011.07-文字・語彙-2-12,2,12,修復,False,3,0.25,1.0,750
2011.07,sbry-n1-2011.07-文字・語彙-2-13,2,13,強み,False,0,0.25,0.25,750
2011.07,sbry-n1-2011.07-文字・語彙-3-14,3,14,画期的,False,0,0.25,0.25,750
2011.07,sbry-n1-2011.07-文字・語彙-3-15,3,15,もくろん,False,2,0.25,0.25,750
2011.07,sbry-n1-2011.07-文字・語彙-3-16,3,16,手がかり,False,1,0.25,0.25,750
2011.07,sbry-n1-2011.07-文字・語彙-3-17,3,17,にわかに,False,3,0.25,0.25,750
2011.07,sbry-n1-2011.07-文字・語彙-3-18,3,18,重宝,False,0,0.25,0.25,750
2011.07,sbry-n1-2011.07-文字・語彙-3-19,3,19,シビア,False,1,0.25,0.25,750
2011.07,sbry-n1-2011.07-文字・語彙-4-20,4,20,連携,False,0,0.25,0.25,750
2011.07,sbry-n1-2011.07-文字・語彙-4-21,4,21,不服,False,0,0.25,0.25,750
2011.07,sbry-n1-2011.07-文字・語彙-4-22,4,22,かなう,False,0,0.25,0.25,750
2011.07,sbry-n1-2011.07-文字・語彙-4-23,4,23,目覚ましい,False,0,0.25,0.25,750
2011.07,sbry-n1-2011.07-文字・語彙-4-24,4,24,ほどける,False,0,0.25,0.25,750
2011.07,sbry-n1-2011.07-文字・語彙-4-25,4,25,赴任,True,0,1.0,1.0,750
2011.12,sbry-n1-2011.12-文字・語彙-1-1,1,1,鈍って,False,1,0.25,0.3333333333333333,750
2011.12,sbry-n1-2011.12-文字・語彙-1-2,1,2,漠然,False,0,0.25,0.25,750
2011.12,sbry-n1-2011.12-文字・語彙-1-3,1,3,閲覧,False,1,0.25,0.3333333333333333,750
2011.12,sbry-n1-2011.12-文字・語彙-1-4,1,4,釈明,True,0,1.0,1.0,750
2011.12,sbry-n1-2011.12-文字・語彙-1-5,1,5,合併,True,0,1.0,1.0,750
2011.12,sbry-n1-2011.12-文字・語彙-1-6,1,6,兆し,True,0,1.0,1.0,750
2011.12,sbry-n1-2011.12-文字・語彙-2-7,2,7,猛,False,2,0.25,0.5,750
2011.12,sbry-n1-2011.12-文字・語彙-2-8,2,8,無謀,True,1,1.0,1.0,750
2011.12,sbry-n1-2011.12-文字・語彙-2-9,2,9,会心,False,0,0.25,0.25,750
2011.12,sbry-n1-2011.12-文字・語彙-2-10,2,10,ニュアンス,True,1,1.0,1.0,750
2011.12,sbry-n1-2011.12-文字・語彙-2-11,2,11,並行,False,2,0.25,0.5,750
2011.12,sbry-n1-2011.12-文字・語彙-2-12,2,12,抜粋,True,1,1.0,1.0,750
2011.12,sbry-n1-2011.12-文字・語彙-2-13,2,13,ストック,True,2,1.0,1.0,750
2011.12,sbry-n1-2011.12-文字・語彙-3-14,3,14,ありきたり,False,1,0.25,0.25,750
2011.12,sbry-n1-2011.12-文字・語彙-3-15,3,15,歴然としている,True,0,1.0,1.0,750
2011.12,sbry-n1-2011.12-文字・語彙-3-16,3,16,極力,True,3,1.0,1.0,750
2011.12,sbry-n1-2011.12-文字・語彙-3-17,3,17,落胆,False,1,0.25,0.25,750
2011.12,sbry-n1-2011.12-文字・語彙-3-18,3,18,あっけない,False,0,0.25,0.25,750
2011.12,sbry-n1-2011.12-文字・語彙-3-19,3,19,コントラスト,False,1,0.25,0.25,750
2011.12,sbry-n1-2011.12-文字・語彙-4-20,4,20,とっくに,True,0,1.0,1.0,750
2011.12,sbry-n1-2011.12-文字・語彙-4-21,4,21,まちまち,True,0,1.0,1.0,750
2011.12,sbry-n1-2011.12-文字・語彙-4-22,4,22,ゆとり,True,0,1.0,1.0,750
2011.12,sbry-n1-2011.12-文字・語彙-4-23,4,23,配布,True,0,1.0,1.0,750
2011.12,sbry-n1-2011.12-文字・語彙-4-24,4,24,質素,True,0,1.0,1.0,750
2011.12,sbry-n1-2011.12-文字・語彙-4-25,4,25,見失う,False,0,0.25,0.25,750
2012.07,sbry-n1-2012.07-文字・語彙-1-1,1,1,群衆,False,0,0.25,0.25,750
2012.07,sbry-n1-2012.07-文字・語彙-1-2,1,2,覆す,True,1,1.0,1.0,750
2012.07,sbry-n1-2012.07-文字・語彙-1-3,1,3,克明,True,2,1.0,1.0,750
2012.07,sbry-n1-2012.07-文字・語彙-1-4,1,4,心地よい,False,0,0.25,0.25,750
2012.07,sbry-n1-2012.07-文字・語彙-1-5,1,5,踏襲,True,0,1.0,1.0,750
2012.07,sbry-n1-2012.07-文字・語彙-1-6,1,6,改革,False,0,0.25,0.25,750
2012.07,sbry-n1-2012.07-文字・語彙-2-7,2,7,ハードル,False,1,0.25,0.3333333333333333,750
2012.07,sbry-n1-2012.07-文字・語彙-2-8,2,8,大筋,False,1,0.25,0.3333333333333333,750
2012.07,sbry-n1-2012.07-文字・語彙-2-9,2,9,版,False,1,0.25,0.3333333333333333,750
2012.07,sbry-n1-2012.07-文字・語彙-2-10,2,10,究明,False,2,0.25,0.5,750
2012.07,sbry-n1-2012.07-文字・語彙-2-11,2,11,まぎらわしい,True,1,1.0,1.0,750
2012.07,sbry-n1-2012.07-文字・語彙-2-12,2,12,加工,True,1,1.0,1.0,750
2012.07,sbry-n1-2012.07-文字・語彙-2-13,2,13,催されて,False,2,0.25,0.5,750
2012.07,sbry-n1-2012.07-文字・語彙-3-14,3,14,触発されて,True,1,0.25,0.3333333333333333,750
2012.07,sbry-n1-2012.07-文字・語彙-3-15,3,15,すがすがしい,True,3,1.0,1.0,750
2012.07,sbry-n1-2012.07-文字・語彙-3-16,3,16,簡素な,True,1,1.0,1.0,750
2012.07,sbry-n1-2012.07-文字・語彙-3-17,3,17,ひそかに,True,3,1.0,1.0,750
2012.07,sbry-n1-2012.07-文字・語彙-3-18,3,18,断念,False,1,0.25,0.25,750
2012.07,sbry-n1-2012.07-文字・語彙-3-19,3,19,おのずと,False,2,0.25,0.25,750
2012.07,sbry-n1-2012.07-文字・語彙-4-20,4,20,免除,False,0,0.25,0.25,750
2012.07,sbry-n1-2012.07-文字・語彙-4-21,4,21,ブランク,True,0,1.0,1.0,750
2012.07,sbry-n1-2012.07-文字・語彙-4-22,4,22,怠る,True,0,1.0,1.0,750
2012.07,sbry-n1-2012.07-文字・語彙-4-23,4,23,見込み,True,0,1.0,1.0,750
2012.07,sbry-n1-2012.07-文字・語彙-4-24,4,24,満たない,False,0,0.25,0.25,750
2012.07,sbry-n1-2012.07-文字・語彙-4-25,4,25,有数,False,0,0.25,0.25,750
2012.12,sbry-n1-2012.12-文字・語彙-1-1,1,1,枠,False,1,0.25,0.3333333333333333,750
2012.12,sbry-n1-2012.12-文字・語彙-1-2,1,2,網羅,False,1,0.25,0.3333333333333333,750
2012.12,sbry-n1-2012.12-文字・語彙-1-3,1,3,名誉,False,0,0.25,0.25,750
2012.12,sbry-n1-2012.12-文字・語彙-1-4,1,4,費やした,True,0,1.0,1.0,750
2012.12,sbry-n1-2012.12-文字・語彙-1-5,1,5,由緒,False,1,0.25,0.3333333333333333,750
2012.12,sbry-n1-2012.12-文字・語彙-1-6,1,6,手際,True,0,1.0,1.0,750
2012.12,sbry-n1-2012.12-文字・語彙-2-7,2,7,急遽,False,0,0.25,0.25,750
2012.12,sbry-n1-2012.12-文字・語彙-2-8,2,8,言い張って,False,0,0.25,0.25,750
2012.12,sbry-n1-2012.12-文字・語彙-2-9,2,9,妥協,False,1,0.25,0.3333333333333333,750
2012.12,sbry-n1-2012.12-文字・語彙-2-10,2,10,寄与,True,1,1.0,1.0,750
2012.12,sbry-n1-2012.12-文字・語彙-2-11,2,11,人出,False,1,0.25,0.3333333333333333,750
2012.12,sbry-n1-2012.12-文字・語彙-2-12,2,12,リストアップ,False,1,0.25,0.3333333333333333,750
2012.12,sbry-n1-2012.12-文字・語彙-2-13,2,13,和らいで,False,0,0.25,0.25,750
2012.12,sbry-n1-2012.12-文字・語彙-3-14,3,14,当面,True,3,1.0,1.0,750
2012.12,sbry-n1-2012.12-文字・語彙-3-15,3,15,スケール,False,3,0.25,0.25,750
2012.12,sbry-n1-2012.12-文字・語彙-3-16,3,16,しきりに,True,2,1.0,1.0,750
2012.12,sbry-n1-2012.12-文字・語彙-3-17,3,17,先方,True,3,1.0,1.0,750
2012.12,sbry-n1-2012.12-文字・語彙-3-18,3,18,けなされる,False,1,0.25,0.25,750
2012.12,sbry-n1-2012.12-文字・語彙-3-19,3,19,おっくうだ,False,2,0.25,0.25,750
2012.12,sbry-n1-2012.12-文字・語彙-4-20,4,20,広大,True,0,1.0,1.0,750
2012.12,sbry-n1-2012.12-文字・語彙-4-21,4,21,秘める,True,0,1.0,1.0,750
2012.12,sbry-n1-2012.12-文字・語彙-4-22,4,22,発散,True,0,1.0,1.0,750
2012.12,sbry-n1-2012.12-文字・語彙-4-23,4,23,仕業,False,0,0.25,0.25,750
2012.12,sbry-n1-2012.12-文字・語彙-4-24,4,24,無造作,False,0,0.25,0.25,750
2012.12,sbry-n1-2012.12-文字・語彙-4-25,4,25,総じて,False,0,0.25,0.25,750
2013.07,sbry-n1-2013.07-文字・語彙-1-1,1,1,愚か,False,1,0.25,0.3333333333333333,750
2013.07,sbry-n1-2013.07-文字・語彙-1-2,1,2,巧妙,True,0,1.0,1.0,750
2013.07,sbry-n1-2013.07-文字・語彙-1-3,1,3,憩い,False,1,0.25,0.3333333333333333,750
2013.07,sbry-n1-2013.07-文字・語彙-1-4,1,4,需要,True,2,1.0,1.0,750
2013.07,sbry-n1-2013.07-文字・語彙-1-5,1,5,緩和,True,1,1.0,1.0,750
2013.07,sbry-n1-2013.07-文字・語彙-1-6,1,6,跡地,False,0,0.25,0.25,750
2013.07,sbry-n1-2013.07-文字・語彙-2-7,2,7,立て替えて,False,0,0.25,0.25,750
2013.07,sbry-n1-2013.07-文字・語彙-2-8,2,8,一任,False,2,0.25,0.5,750
2013.07,sbry-n1-2013.07-文字・語彙-2-9,2,9,むしょうに,False,2,0.25,0.5,750
2013.07,sbry-n1-2013.07-文字・語彙-2-10,2,10,強硬に,False,3,0.25,1.0,750
2013.07,sbry-n1-2013.07-文字・語彙-2-11,2,11,荷,False,2,0.25,0.5,750
2013.07,sbry-n1-2013.07-文字・語彙-2-12,2,12,障る,False,3,0.25,1.0,750
2013.07,sbry-n1-2013.07-文字・語彙-2-13,2,13,じめじめ,True,1,1.0,1.0,750
2013.07,sbry-n1-2013.07-文字・語彙-3-14,3,14,従来の,True,1,1.0,1.0,750
2013.07,sbry-n1-2013.07-文字・語彙-3-15,3,15,あらかじめ,True,3,1.0,1.0,750
2013.07,sbry-n1-2013.07-文字・語彙-3-16,3,16,抜群だった,False,0,0.25,0.25,750
2013.07,sbry-n1-2013.07-文字・語彙-3-17,3,17,バックアップ,False,1,0.25,0.25,750
2013.07,sbry-n1-2013.07-文字・語彙-3-18,3,18,仰天した,False,0,0.25,0.25,750
2013.07,sbry-n1-2013.07-文字・語彙-3-19,3,19,おおむね,False,2,0.25,0.25,750
2013.07,sbry-n1-2013.07-文字・語彙-4-20,4,20,円滑,True,0,1.0,1.0,750
2013.07,sbry-n1-2013.07-文字・語彙-4-21,4,21,優位,False,0,0.25,0.25,750
2013.07,sbry-n1-2013.07-文字・語彙-4-22,4,22,かばう,False,0,0.25,0.25,750
2013.07,sbry-n1-2013.07-文字・語彙-4-23,4,23,加味,False,0,0.25,0.25,750
2013.07,sbry-n1-2013.07-文字・語彙-4-24,4,24,気配,False,0,0.25,0.25,750
2013.07,sbry-n1-2013.07-文字・語彙-4-25,4,25,合致,True,0,1.0,1.0,750
2013.12,sbry-n1-2013.12-文字・語彙-1-1,1,1,把握,False,0,0.25,0.25,750
2013.12,sbry-n1-2013.12-文字・語彙-1-2,1,2,憤り,True,3,1.0,1.0,750
2013.12,sbry-n1-2013.12-文字・語彙-1-3,1,3,趣旨,False,1,0.25,0.3333333333333333,750
2013.12,sbry-n1-2013.12-文字・語彙-1-4,1,4,日夜,False,0,0.25,0.25,750
2013.12,sbry-n1-2013.12-文字・語彙-1-5,1,5,貫いた,True,0,1.0,1.0,750
2013.12,sbry-n1-2013.12-文字・語彙-1-6,1,6,貧富,True,0,1.0,1.0,750
2013.12,sbry-n1-2013.12-文字・語彙-2-7,2,7,練った,True,1,1.0,1.0,750
2013.12,sbry-n1-2013.12-文字・語彙-2-8,2,8,とりわけ,False,2,0.25,0.5,750
2013.12,sbry-n1-2013.12-文字・語彙-2-9,2,9,念頭,False,2,0.25,0.5,750
2013.12,sbry-n1-2013.12-文字・語彙-2-10,2,10,そわそわ,False,1,0.25,0.3333333333333333,750
2013.12,sbry-n1-2013.12-文字・語彙-2-11,2,11,になう,True,3,1.0,1.0,750
2013.12,sbry-n1-2013.12-文字・語彙-2-12,2,12,腕前,True,2,1.0,1.0,750
2013.12,sbry-n1-2013.12-文字・語彙-2-13,2,13,ためらって,False,0,0.25,0.25,750
2013.12,sbry-n1-2013.12-文字・語彙-3-14,3,14,ことごとく,True,2,1.0,1.0,750
2013.12,sbry-n1-2013.12-文字・語彙-3-15,3,15,雑踏,False,1,0.25,0.25,750
2013.12,sbry-n1-2013.12-文字・語彙-3-16,3,16,メカニズム,False,0,0.25,0.25,750
2013.12,sbry-n1-2013.12-文字・語彙-3-17,3,17,裏づけ,False,1,0.25,0.25,750
2013.12,sbry-n1-2013.12-文字・語彙-3-18,3,18,すべ,False,2,0.25,0.25,750
2013.12,sbry-n1-2013.12-文字・語彙-3-19,3,19,せかして,True,1,0.25,0.3333333333333333,750
2013.12,sbry-n1-2013.12-文字・語彙-4-20,4,20,処置,True,0,1.0,1.0,750
2013.12,sbry-n1-2013.12-文字・語彙-4-21,4,21,拍子,False,0,0.25,0.25,750
2013.12,sbry-n1-2013.12-文字・語彙-4-22,4,22,口出し,False,0,0.25,0.25,750
2013.12,sbry-n1-2013.12-文字・語彙-4-23,4,23,煩雑,False,0,0.25,0.25,750
2013.12,sbry-n1-2013.12-文字・語彙-4-24,4,24,当てはめる,False,0,0.25,0.25,750
2013.12,sbry-n1-2013.12-文字・語彙-4-25,4,25,打開,False,0,0.25,0.25,750
2014.07,sbry-n1-2014.07-文字・語彙-1-1,1,1,躍進,False,0,0.25,0.25,750
2014.07,sbry-n1-2014.07-文字・語彙-1-2,1,2,遂行,False,0,0.25,0.25,750
2014.07,sbry-n1-2014.07-文字・語彙-1-3,1,3,凝縮,False,1,0.25,0.3333333333333333,750
2014.07,sbry-n1-2014.07-文字・語彙-1-4,1,4,健やか,False,3,0.25,1.0,750
2014.07,sbry-n1-2014.07-文字・語彙-1-5,1,5,中枢,False,0,0.25,0.25,750
2014.07,sbry-n1-2014.07-文字・語彙-1-6,1,6,否めない,False,1,0.25,0.3333333333333333,750
2014.07,sbry-n1-2014.07-文字・語彙-2-7,2,7,支障,False,0,0.25,0.25,750
2014.07,sbry-n1-2014.07-文字・語彙-2-8,2,8,おびただしい,False,2,0.25,0.5,750
2014.07,sbry-n1-2014.07-文字・語彙-2-9,2,9,絶大,True,1,1.0,1.0,750
2014.07,sbry-n1-2014.07-文字・語彙-2-10,2,10,たどり,False,0,0.25,0.25,750
2014.07,sbry-n1-2014.07-文字・語彙-2-11,2,11,ウェイト,False,0,0.25,0.25,750
2014.07,sbry-n1-2014.07-文字・語彙-2-12,2,12,予断,False,2,0.25,0.5,750
2014.07,sbry-n1-2014.07-文字・語彙-2-13,2,13,てきぱきと,True,1,1.0,1.0,750
2014.07,sbry-n1-2014.07-文字・語彙-3-14,3,14,無償で,False,2,0.25,0.25,750
2014.07,sbry-n1-2014.07-文字・語彙-3-15,3,15,打ち込んでいる,True,1,0.25,0.3333333333333333,750
2014.07,sbry-n1-2014.07-文字・語彙-3-16,3,16,ストレートに,True,2,0.25,0.5,750
2014.07,sbry-n1-2014.07-文字・語彙-3-17,3,17,お手上げだ,True,3,1.0,1.0,750
2014.07,sbry-n1-2014.07-文字・語彙-3-18,3,18,格段に,False,1,0.25,0.25,750
2014.07,sbry-n1-2014.07-文字・語彙-3-19,3,19,いたって,False,1,0.25,0.25,750
2014.07,sbry-n1-2014.07-文字・語彙-4-20,4,20,一律,False,0,0.25,0.25,750
2014.07,sbry-n1-2014.07-文字・語彙-4-21,4,21,はがす,False,0,0.25,0.25,750
2014.07,sbry-n1-2014.07-文字・語彙-4-22,4,22,心構え,False,0,0.25,0.25,750
2014.07,sbry-n1-2014.07-文字・語彙-4-23,4,23,損なう,True,0,1.0,1.0,750
2014.07,sbry-n1-2014.07-文字・語彙-4-24,4,24,しがみつく,False,0,0.25,0.25,750
2014.07,sbry-n1-2014.07-文字・語彙-4-25,4,25,工面,True,0,1.0,1.0,750
2014.12,sbry-n1-2014.12-文字・語彙-1-1,1,1,概略,False,0,0.25,0.25,750
2014.12,sbry-n1-2014.12-文字・語彙-1-2,1,2,臨みたい,True,3,1.0,1.0,750
2014.12,sbry-n1-2014.12-文字・語彙-1-3,1,3,督促,False,1,0.25,0.3333333333333333,750
2014.12,sbry-n1-2014.12-文字・語彙-1-4,1,4,漂い,False,1,0.25,0.3333333333333333,750
2014.12,sbry-n1-2014.12-文字・語彙-1-5,1,5,厳正,False,1,0.25,0.3333333333333333,750
2014.12,sbry-n1-2014.12-文字・語彙-1-6,1,6,拒んで,True,1,1.0,1.0,750
2014.12,sbry-n1-2014.12-文字・語彙-2-7,2,7,可決,False,1,0.25,0.3333333333333333,750
2014.12,sbry-n1-2014.12-文字・語彙-2-8,2,8,心細い,False,1,0.25,0.3333333333333333,750
2014.12,sbry-n1-2014.12-文字・語彙-2-9,2,9,食い止める,False,0,0.25,0.25,750
2014.12,sbry-n1-2014.12-文字・語彙-2-10,2,10,ノルマ,True,1,1.0,1.0,750
2014.12,sbry-n1-2014.12-文字・語彙-2-11,2,11,異色,False,0,0.25,0.25,750
2014.12,sbry-n1-2014.12-文字・語彙-2-12,2,12,駆使,False,1,0.25,0.3333333333333333,750
2014.12,sbry-n1-2014.12-文字・語彙-2-13,2,13,揺らぎ,False,0,0.25,0.25,750
2014.12,sbry-n1-2014.12-文字・語彙-3-14,3,14,気掛かり,False,3,0.25,0.25,750
2014.12,sbry-n1-2014.12-文字・語彙-3-15,3,15,案の定,False,1,0.25,0.25,750
2014.12,sbry-n1-2014.12-文字・語彙-3-16,3,16,不用意,False,1,0.25,0.25,750
2014.12,sbry-n1-2014.12-文字・語彙-3-17,3,17,厄介,False,3,0.25,0.25,750
2014.12,sbry-n1-2014.12-文字・語彙-3-18,3,18,回想して,False,1,0.25,0.25,750
2014.12,sbry-n1-2014.12-文字・語彙-3-19,3,19,手分け,True,1,1.0,1.0,750
2014.12,sbry-n1-2014.12-文字・語彙-4-20,4,20,抱え込む,False,0,0.25,0.25,750
2014.12,sbry-n1-2014.12-文字・語彙-4-21,4,21,裏腹,False,0,0.25,0.25,750
2014.12,sbry-n1-2014.12-文字・語彙-4-22,4,22,耐えがたい,False,0,0.25,0.25,750
2014.12,sbry-n1-2014.12-文字・語彙-4-23,4,23,携わる,True,0,1.0,1.0,750
2014.12,sbry-n1-2014.12-文字・語彙-4-24,4,24,人一倍,False,0,0.25,0.25,750
2014.12,sbry-n1-2014.12-文字・語彙-4-25,4,25,復旧,True,0,1.0,1.0,750
2015.07,sbry-n1-2015.07-文字・語彙-1-1,1,1,添付,False,0,0.25,0.25,750
2015.07,sbry-n1-2015.07-文字・語彙-1-2,1,2,慕われる,False,0,0.25,0.25,750
2015.07,sbry-n1-2015.07-文字・語彙-1-3,1,3,破損,True,0,1.0,1.0,750
2015.07,sbry-n1-2015.07-文字・語彙-1-4,1,4,承諾,False,1,0.25,0.3333333333333333,750
2015.07,sbry-n1-2015.07-文字・語彙-1-5,1,5,淡い,False,1,0.25,0.3333333333333333,750
2015.07,sbry-n1-2015.07-文字・語彙-1-6,1,6,画一的,False,0,0.25,0.25,750
2015.07,sbry-n1-2015.07-文字・語彙-2-7,2,7,稼働,True,1,1.0,1.0,750
2015.07,sbry-n1-2015.07-文字・語彙-2-8,2,8,すさまじい,False,0,0.25,0.25,750
2015.07,sbry-n1-2015.07-文字・語彙-2-9,2,9,直面,False,0,0.25,0.25,750
2015.07,sbry-n1-2015.07-文字・語彙-2-10,2,10,くよくよ,False,2,0.25,0.5,750
2015.07,sbry-n1-2015.07-文字・語彙-2-11,2,11,しいて,False,1,0.25,0.3333333333333333,750
2015.07,sbry-n1-2015.07-文字・語彙-2-12,2,12,該当,False,2,0.25,0.5,750
2015.07,sbry-n1-2015.07-文字・語彙-2-13,2,13,紛（まぎ）れて,False,1,0.25,0.3333333333333333,750
2015.07,sbry-n1-2015.07-文字・語彙-3-14,3,14,仕上がったら,False,2,0.25,0.25,750
2015.07,sbry-n1-2015.07-文字・語彙-3-15,3,15,互角,True,0,0.25,0.25,750
2015.07,sbry-n1-2015.07-文字・語彙-3-16,3,16,クレーム,True,1,1.0,1.0,750
2015.07,sbry-n1-2015.07-文字・語彙-3-17,3,17,助言,False,2,0.25,0.25,750
2015.07,sbry-n1-2015.07-文字・語彙-3-18,3,18,錯覚する,True,2,1.0,1.0,750
2015.07,sbry-n1-2015.07-文字・語彙-3-19,3,19,殺到,True,0,0.25,0.25,750
2015.07,sbry-n1-2015.07-文字・語彙-4-20,4,20,没頭,True,0,1.0,1.0,750
2015.07,sbry-n1-2015.07-文字・語彙-4-21,4,21,人手,False,0,0.25,0.25,750
2015.07,sbry-n1-2015.07-文字・語彙-4-22,4,22,今更,False,0,0.25,0.25,750
2015.07,sbry-n1-2015.07-文字・語彙-4-23,4,23,くまなく,True,0,1.0,1.0,750
2015.07,sbry-n1-2015.07-文字・語彙-4-24,4,24,安静,False,0,0.25,0.25,750
2015.07,sbry-n1-2015.07-文字・語彙-4-25,4,25,統合,False,0,0.25,0.25,750
2015.12,sbry-n1-2015.12-文字・語彙-1-1,1,1,興奮,True,0,1.0,1.0,750
2015.12,sbry-n1-2015.12-文字・語彙-1-2,1,2,唱えた,True,0,1.0,1.0,750
2015.12,sbry-n1-2015.12-文字・語彙-1-3,1,3,変遷,False,1,0.25,0.3333333333333333,750
2015.12,sbry-n1-2015.12-文字・語彙-1-4,1,4,値する,False,0,0.25,0.25,750
2015.12,sbry-n1-2015.12-文字・語彙-1-5,1,5,随時,True,3,1.0,1.0,750
2015.12,sbry-n1-2015.12-文字・語彙-1-6,1,6,励んで,True,2,1.0,1.0,750
2015.12,sbry-n1-2015.12-文字・語彙-2-7,2,7,合意,False,1,0.25,0.3333333333333333,750
2015.12,sbry-n1-2015.12-文字・語彙-2-8,2,8,メディア,False,2,0.25,0.5,750
2015.12,sbry-n1-2015.12-文字・語彙-2-9,2,9,強制,False,0,0.25,0.25,750
2015.12,sbry-n1-2015.12-文字・語彙-2-10,2,10,おおらか,False,2,0.25,0.5,750
2015.12,sbry-n1-2015.12-文字・語彙-2-11,2,11,幅広い,False,2,0.25,0.5,750
2015.12,sbry-n1-2015.12-文字・語彙-2-12,2,12,起伏,False,0,0.25,0.25,750
2015.12,sbry-n1-2015.12-文字・語彙-2-13,2,13,取り戻した,False,0,0.25,0.25,750
2015.12,sbry-n1-2015.12-文字・語彙-3-14,3,14,弁解,False,3,0.25,0.25,750
2015.12,sbry-n1-2015.12-文字・語彙-3-15,3,15,ありふれた,False,2,0.25,0.25,750
2015.12,sbry-n1-2015.12-文字・語彙-3-16,3,16,うろたえずに,True,3,1.0,1.0,750
2015.12,sbry-n1-2015.12-文字・語彙-3-17,3,17,糸口,False,1,0.25,0.25,750
2015.12,sbry-n1-2015.12-文字・語彙-3-18,3,18,ふいに,False,1,0.25,0.25,750
2015.12,sbry-n1-2015.12-文字・語彙-3-19,3,19,誇張して,True,2,1.0,1.0,750
2015.12,sbry-n1-2015.12-文字・語彙-4-20,4,20,辞任,False,0,0.25,0.25,750
2015.12,sbry-n1-2015.12-文字・語彙-4-21,4,21,帯びる,False,0,0.25,0.25,750
2015.12,sbry-n1-2015.12-文字・語彙-4-22,4,22,軌道,True,0,1.0,1.0,750
2015.12,sbry-n1-2015.12-文字・語彙-4-23,4,23,思い詰める,False,0,0.25,0.25,750
2015.12,sbry-n1-2015.12-文字・語彙-4-24,4,24,もはや,True,0,1.0,1.0,750
2015.12,sbry-n1-2015.12-文字・語彙-4-25,4,25,はなはだしい,False,0,0.25,0.25,750
2016.07,sbry-n1-2016.07-文字・語彙-1-1,1,1,樹木,False,0,0.25,0.25,750
2016.07,sbry-n1-2016.07-文字・語彙-1-2,1,2,蓄えて,False,0,0.25,0.25,750
2016.07,sbry-n1-2016.07-文字・語彙-1-3,1,3,陳列,False,0,0.25,0.25,750
2016.07,sbry-n1-2016.07-文字・語彙-1-4,1,4,華やか,False,3,0.25,1.0,750
2016.07,sbry-n1-2016.07-文字・語彙-1-5,1,5,鑑定,False,1,0.25,0.3333333333333333,750
2016.07,sbry-n1-2016.07-文字・語彙-1-6,1,6,偏って,False,1,0.25,0.3333333333333333,750
2016.07,sbry-n1-2016.07-文字・語彙-2-7,2,7,教訓,False,1,0.25,0.3333333333333333,750
2016.07,sbry-n1-2016.07-文字・語彙-2-8,2,8,センス,True,1,1.0,1.0,750
2016.07,sbry-n1-2016.07-文字・語彙-2-9,2,9,流出,True,2,1.0,1.0,750
2016.07,sbry-n1-2016.07-文字・語彙-2-10,2,10,尽くす,False,2,0.25,0.5,750
2016.07,sbry-n1-2016.07-文字・語彙-2-11,2,11,頻繁に,False,2,0.25,0.5,750
2016.07,sbry-n1-2016.07-文字・語彙-2-12,2,12,へとへとに,True,1,1.0,1.0,750
2016.07,sbry-n1-2016.07-文字・語彙-2-13,2,13,切り出す,False,2,0.25,0.5,750
2016.07,sbry-n1-2016.07-文字・語彙-3-14,3,14,端的,False,2,0.25,0.25,750
2016.07,sbry-n1-2016.07-文字・語彙-3-15,3,15,わずらわしい,True,2,1.0,1.0,750
2016.07,sbry-n1-2016.07-文字・語彙-3-16,3,16,かろうじて,False,2,0.25,0.25,750
2016.07,sbry-n1-2016.07-文字・語彙-3-17,3,17,自尊心,False,2,0.25,0.25,750
2016.07,sbry-n1-2016.07-文字・語彙-3-18,3,18,ささいな,False,3,0.25,0.25,750
2016.07,sbry-n1-2016.07-文字・語彙-3-19,3,19,とまどって,False,3,0.25,0.25,750
2016.07,sbry-n1-2016.07-文字・語彙-4-20,4,20,規制,False,0,0.25,0.25,750
2016.07,sbry-n1-2016.07-文字・語彙-4-21,4,21,入手,False,0,0.25,0.25,750
2016.07,sbry-n1-2016.07-文字・語彙-4-22,4,22,素早い,True,0,1.0,1.0,750
2016.07,sbry-n1-2016.07-文字・語彙-4-23,4,23,経緯,True,0,1.0,1.0,750
2016.07,sbry-n1-2016.07-文字・語彙-4-24,4,24,退く,False,0,0.25,0.25,750
2016.07,sbry-n1-2016.07-文字・語彙-4-25,4,25,還元,True,0,1.0,1.0,750
2016.12,sbry-n1-2016.12-文字・語彙-1-1,1,1,人脈,False,0,0.25,0.25,750
2016.12,sbry-n1-2016.12-文字・語彙-1-2,1,2,賢い,False,1,0.25,0.3333333333333333,750
2016.12,sbry-n1-2016.12-文字・語彙-1-3,1,3,顕著,False,0,0.25,0.25,750
2016.12,sbry-n1-2016.12-文字・語彙-1-4,1,4,多岐,False,0,0.25,0.25,750
2016.12,sbry-n1-2016.12-文字・語彙-1-5,1,5,廃れて,False,2,0.25,0.5,750
2016.12,sbry-n1-2016.12-文字・語彙-1-6,1,6,相場,False,0,0.25,0.25,750
2016.12,sbry-n1-2016.12-文字・語彙-2-7,2,7,基盤,False,2,0.25,0.5,750
2016.12,sbry-n1-2016.12-文字・語彙-2-8,2,8,すんなり,False,2,0.25,0.5,750
2016.12,sbry-n1-2016.12-文字・語彙-2-9,2,9,見かけた,False,1,0.25,0.3333333333333333,750
2016.12,sbry-n1-2016.12-文字・語彙-2-10,2,10,一掃,False,2,0.25,0.5,750
2016.12,sbry-n1-2016.12-文字・語彙-2-11,2,11,染みて,False,2,0.25,0.5,750
2016.12,sbry-n1-2016.12-文字・語彙-2-12,2,12,愛着,False,0,0.25,0.25,750
2016.12,sbry-n1-2016.12-文字・語彙-2-13,2,13,ノウハウ,False,2,0.25,0.5,750
2016.12,sbry-n1-2016.12-文字・語彙-3-14,3,14,かねがね,True,3,1.0,1.0,750
2016.12,sbry-n1-2016.12-文字・語彙-3-15,3,15,故意に,False,0,0.25,0.25,750
2016.12,sbry-n1-2016.12-文字・語彙-3-16,3,16,おわびした,False,1,0.25,0.25,750
2016.12,sbry-n1-2016.12-文字・語彙-3-17,3,17,意気込み,False,2,0.25,0.25,750
2016.12,sbry-n1-2016.12-文字・語彙-3-18,3,18,おびえて,False,3,0.25,0.25,750
2016.12,sbry-n1-2016.12-文字・語彙-3-19,3,19,安堵した,False,0,0.25,0.25,750
2016.12,sbry-n1-2016.12-文字・語彙-4-20,4,20,閑静,False,0,0.25,0.25,750
2016.12,sbry-n1-2016.12-文字・語彙-4-21,4,21,たやすい,False,0,0.25,0.25,750
2016.12,sbry-n1-2016.12-文字・語彙-4-22,4,22,察する,False,0,0.25,0.25,750
2016.12,sbry-n1-2016.12-文字・語彙-4-23,4,23,内訳,False,0,0.25,0.25,750
2016.12,sbry-n1-2016.12-文字・語彙-4-24,4,24,食い違う,False,0,0.25,0.25,750
2016.12,sbry-n1-2016.12-文字・語彙-4-25,4,25,過密,False,0,0.25,0.25,750
2017.07,sbry-n1-2017.07-文字・語彙-1-1,1,1,潤す,False,1,0.25,0.3333333333333333,750
2017.07,sbry-n1-2017.07-文字・語彙-1-2,1,2,殺菌,False,0,0.25,0.25,750
2017.07,sbry-n1-2017.07-文字・語彙-1-3,1,3,託された,False,1,0.25,0.3333333333333333,750
2017.07,sbry-n1-2017.07-文字・語彙-1-4,1,4,傾斜,False,1,0.25,0.3333333333333333,750
2017.07,sbry-n1-2017.07-文字・語彙-1-5,1,5,阻まれて,True,3,1.0,1.0,750
2017.07,sbry-n1-2017.07-文字・語彙-1-6,1,6,暴露,True,1,1.0,1.0,750
2017.07,sbry-n1-2017.07-文字・語彙-2-7,2,7,一環,True,2,1.0,1.0,750
2017.07,sbry-n1-2017.07-文字・語彙-2-8,2,8,コンスタントに,True,2,1.0,1.0,750
2017.07,sbry-n1-2017.07-文字・語彙-2-9,2,9,よみがえって,True,0,1.0,1.0,750
2017.07,sbry-n1-2017.07-文字・語彙-2-10,2,10,念願,True,3,1.0,1.0,750
2017.07,sbry-n1-2017.07-文字・語彙-2-11,2,11,たたえた,False,2,0.25,0.5,750
2017.07,sbry-n1-2017.07-文字・語彙-2-12,2,12,非,False,1,0.25,0.3333333333333333,750
2017.07,sbry-n1-2017.07-文字・語彙-2-13,2,13,もっぱら,False,3,0.25,1.0,750
2017.07,sbry-n1-2017.07-文字・語彙-3-14,3,14,粘り強く,False,2,0.25,0.25,750
2017.07,sbry-n1-2017.07-文字・語彙-3-15,3,15,入念に,False,1,0.25,0.25,750
2017.07,sbry-n1-2017.07-文字・語彙-3-16,3,16,うすうす,True,2,0.25,0.5,750
2017.07,sbry-n1-2017.07-文字・語彙-3-17,3,17,難点,True,0,0.25,0.25,750
2017.07,sbry-n1-2017.07-文字・語彙-3-18,3,18,むっとしたようだった,False,0,0.25,0.25,750
2017.07,sbry-n1-2017.07-文字・語彙-3-19,3,19,照会した,False,2,0.25,0.25,750
2017.07,sbry-n1-2017.07-文字・語彙-4-20,4,20,昇進,False,0,0.25,0.25,750
2017.07,sbry-n1-2017.07-文字・語彙-4-21,4,21,配布,True,0,1.0,1.0,750
2017.07,sbry-n1-2017.07-文字・語彙-4-22,4,22,滅びる,False,0,0.25,0.25,750
2017.07,sbry-n1-2017.07-文字・語彙-4-23,4,23,発足,True,0,1.0,1.0,750
2017.07,sbry-n1-2017.07-文字・語彙-4-24,4,24,提起,False,0,0.25,0.25,750
2017.07,sbry-n1-2017.07-文字・語彙-4-25,4,25,見落とす,True,0,1.0,1.0,750
2017.12,sbry-n1-2017.12-文字・語彙-1-1,1,1,開拓,False,0,0.25,0.25,750
2017.12,sbry-n1-2017.12-文字・語彙-1-2,1,2,復興,True,0,1.0,1.0,750
2017.12,sbry-n1-2017.12-文字・語彙-1-3,1,3,怠った,True,1,1.0,1.0,750
2017.12,sbry-n1-2017.12-文字・語彙-1-4,1,4,了承,False,0,0.25,0.25,750
2017.12,sbry-n1-2017.12-文字・語彙-1-5,1,5,指図,False,0,0.25,0.25,750
2017.12,sbry-n1-2017.12-文字・語彙-1-6,1,6,巡り,False,2,0.25,0.5,750
2017.12,sbry-n1-2017.12-文字・語彙-2-7,2,7,シェア,True,1,1.0,1.0,750
2017.12,sbry-n1-2017.12-文字・語彙-2-8,2,8,打診,True,1,1.0,1.0,750
2017.12,sbry-n1-2017.12-文字・語彙-2-9,2,9,経歴,True,2,1.0,1.0,750
2017.12,sbry-n1-2017.12-文字・語彙-2-10,2,10,はじく,False,1,0.25,0.3333333333333333,750
2017.12,sbry-n1-2017.12-文字・語彙-2-11,2,11,逸脱,False,0,0.25,0.25,750
2017.12,sbry-n1-2017.12-文字・語彙-2-12,2,12,いとも,False,1,0.25,0.3333333333333333,750
2017.12,sbry-n1-2017.12-文字・語彙-2-13,2,13,まちまち,True,1,1.0,1.0,750
2017.12,sbry-n1-2017.12-文字・語彙-3-14,3,14,抱負,True,1,0.25,0.3333333333333333,750
2017.12,sbry-n1-2017.12-文字・語彙-3-15,3,15,ゆとり,True,1,0.25,0.3333333333333333,750
2017.12,sbry-n1-2017.12-文字・語彙-3-16,3,16,若干,True,2,1.0,1.0,750
2017.12,sbry-n1-2017.12-文字・語彙-3-17,3,17,撤回,True,0,0.25,0.25,750
2017.12,sbry-n1-2017.12-文字・語彙-3-18,3,18,張り合って,True,0,0.25,0.25,750
2017.12,sbry-n1-2017.12-文字・語彙-3-19,3,19,かたくな,True,3,1.0,1.0,750
2017.12,sbry-n1-2017.12-文字・語彙-4-20,4,20,重複,False,0,0.25,0.25,750
2017.12,sbry-n1-2017.12-文字・語彙-4-21,4,21,拠点,True,0,1.0,1.0,750
2017.12,sbry-n1-2017.12-文字・語彙-4-22,4,22,真っ先,True,0,1.0,1.0,750
2017.12,sbry-n1-2017.12-文字・語彙-4-23,4,23,緊密,True,0,1.0,1.0,750
2017.12,sbry-n1-2017.12-文字・語彙-4-24,4,24,遂げる,True,0,1.0,1.0,750
2017.12,sbry-n1-2017.12-文字・語彙-4-25,4,25,うなだれる,True,0,1.0,1.0,750
2018.07,sbry-n1-2018.07-文字・語彙-1-1,1,1,回顧,False,0,0.25,0.25,750
2018.07,sbry-n1-2018.07-文字・語彙-1-2,1,2,偽り,False,3,0.25,1.0,750
2018.07,sbry-n1-2018.07-文字・語彙-1-3,1,3,嫌悪感,False,0,0.25,0.25,750
2018.07,sbry-n1-2018.07-文字・語彙-1-4,1,4,自粛,False,0,0.25,0.25,750
2018.07,sbry-n1-2018.07-文字・語彙-1-5,1,5,戒めたい,True,2,1.0,1.0,750
2018.07,sbry-n1-2018.07-文字・語彙-1-6,1,6,丘陵,False,1,0.25,0.3333333333333333,750
2018.07,sbry-n1-2018.07-文字・語彙-2-7,2,7,在庫,False,1,0.25,0.3333333333333333,750
2018.07,sbry-n1-2018.07-文字・語彙-2-8,2,8,リスク,True,1,1.0,1.0,750
2018.07,sbry-n1-2018.07-文字・語彙-2-9,2,9,堅実な,True,0,1.0,1.0,750
2018.07,sbry-n1-2018.07-文字・語彙-2-10,2,10,遮断,True,1,1.0,1.0,750
2018.07,sbry-n1-2018.07-文字・語彙-2-11,2,11,がらりと,False,0,0.25,0.25,750
2018.07,sbry-n1-2018.07-文字・語彙-2-12,2,12,なだめられて,False,0,0.25,0.25,750
2018.07,sbry-n1-2018.07-文字・語彙-2-13,2,13,言及,False,1,0.25,0.3333333333333333,750
2018.07,sbry-n1-2018.07-文字・語彙-3-14,3,14,すみやかに,True,0,0.25,0.25,750
2018.07,sbry-n1-2018.07-文字・語彙-3-15,3,15,漠然としていた,False,1,0.25,0.25,750
2018.07,sbry-n1-2018.07-文字・語彙-3-16,3,16,妨害する,False,2,0.25,0.25,750
2018.07,sbry-n1-2018.07-文字・語彙-3-17,3,17,エレガント,False,1,0.25,0.25,750
2018.07,sbry-n1-2018.07-文字・語彙-3-18,3,18,つかの間,False,3,0.25,0.25,750
2018.07,sbry-n1-2018.07-文字・語彙-3-19,3,19,しくじって,False,3,0.25,0.25,750
2018.07,sbry-n1-2018.07-文字・語彙-4-20,4,20,巧み,False,0,0.25,0.25,750
2018.07,sbry-n1-2018.07-文字・語彙-4-21,4,21,配属,False,0,0.25,0.25,750
2018.07,sbry-n1-2018.07-文字・語彙-4-22,4,22,乗り出す,False,0,0.25,0.25,750
2018.07,sbry-n1-2018.07-文字・語彙-4-23,4,23,面識,False,0,0.25,0.25,750
2018.07,sbry-n1-2018.07-文字・語彙-4-24,4,24,抜粋,True,0,1.0,1.0,750
2018.07,sbry-n1-2018.07-文字・語彙-4-25,4,25,心当たり,False,0,0.25,0.25,750
2018.12,sbry-n1-2018.12-文字・語彙-1-1,1,1,豪快,False,2,0.25,0.5,750
2018.12,sbry-n1-2018.12-文字・語彙-1-2,1,2,忍耐,False,1,0.25,0.3333333333333333,750
2018.12,sbry-n1-2018.12-文字・語彙-1-3,1,3,募って,True,2,1.0,1.0,750
2018.12,sbry-n1-2018.12-文字・語彙-1-4,1,4,膨大,True,0,1.0,1.0,750
2018.12,sbry-n1-2018.12-文字・語彙-1-5,1,5,滞って,True,0,1.0,1.0,750
2018.12,sbry-n1-2018.12-文字・語彙-1-6,1,6,驚嘆,False,1,0.25,0.3333333333333333,750
2018.12,sbry-n1-2018.12-文字・語彙-2-7,2,7,解除,False,0,0.25,0.25,750
2018.12,sbry-n1-2018.12-文字・語彙-2-8,2,8,レイアウト,False,0,0.25,0.25,750
2018.12,sbry-n1-2018.12-文字・語彙-2-9,2,9,起用,False,2,0.25,0.5,750
2018.12,sbry-n1-2018.12-文字・語彙-2-10,2,10,駆けつけた,False,0,0.25,0.25,750
2018.12,sbry-n1-2018.12-文字・語彙-2-11,2,11,多角的な,False,2,0.25,0.5,750
2018.12,sbry-n1-2018.12-文字・語彙-2-12,2,12,盛大に,True,1,1.0,1.0,750
2018.12,sbry-n1-2018.12-文字・語彙-2-13,2,13,せかせかと,False,1,0.25,0.3333333333333333,750
2018.12,sbry-n1-2018.12-文字・語彙-3-14,3,14,スライス,False,0,0.25,0.25,750
2018.12,sbry-n1-2018.12-文字・語彙-3-15,3,15,めいめい,False,0,0.25,0.25,750
2018.12,sbry-n1-2018.12-文字・語彙-3-16,3,16,克明に,True,1,0.25,0.3333333333333333,750
2018.12,sbry-n1-2018.12-文字・語彙-3-17,3,17,手立て,False,2,0.25,0.25,750
2018.12,sbry-n1-2018.12-文字・語彙-3-18,3,18,ありありと,False,2,0.25,0.25,750
2018.12,sbry-n1-2018.12-文字・語彙-3-19,3,19,しぶっていた,True,0,0.25,0.25,750
2018.12,sbry-n1-2018.12-文字・語彙-4-20,4,20,作動,False,0,0.25,0.25,750
2018.12,sbry-n1-2018.12-文字・語彙-4-21,4,21,しぶとい,False,0,0.25,0.25,750
2018.12,sbry-n1-2018.12-文字・語彙-4-22,4,22,備え付ける,False,0,0.25,0.25,750
2018.12,sbry-n1-2018.12-文字・語彙-4-23,4,23,基調,False,0,0.25,0.25,750
2018.12,sbry-n1-2018.12-文字・語彙-4-24,4,24,かさばる,False,0,0.25,0.25,750
2018.12,sbry-n1-2018.12-文字・語彙-4-25,4,25,交錯,True,0,1.0,1.0,750
2019.07,sbry-n1-2019.07-文字・語彙-1-1,1,1,猛烈,False,0,0.25,0.25,750
2019.07,sbry-n1-2019.07-文字・語彙-1-2,1,2,克服,False,1,0.25,0.3333333333333333,750
2019.07,sbry-n1-2019.07-文字・語彙-1-3,1,3,崩れやすい,False,0,0.25,0.25,750
2019.07,sbry-n1-2019.07-文字・語彙-1-4,1,4,繁殖,False,0,0.25,0.25,750
2019.07,sbry-n1-2019.07-文字・語彙-1-5,1,5,履歴,False,0,0.25,0.25,750
2019.07,sbry-n1-2019.07-文字・語彙-1-6,1,6,映える,False,0,0.25,0.25,750
2019.07,sbry-n1-2019.07-文字・語彙-2-7,2,7,センサー,False,0,0.25,0.25,750
2019.07,sbry-n1-2019.07-文字・語彙-2-8,2,8,壮大な,True,2,1.0,1.0,750
2019.07,sbry-n1-2019.07-文字・語彙-2-9,2,9,ここちよく,True,1,1.0,1.0,750
2019.07,sbry-n1-2019.07-文字・語彙-2-10,2,10,従事,True,2,1.0,1.0,750
2019.07,sbry-n1-2019.07-文字・語彙-2-11,2,11,にじんで,False,0,0.25,0.25,750
2019.07,sbry-n1-2019.07-文字・語彙-2-12,2,12,禁物,False,1,0.25,0.3333333333333333,750
2019.07,sbry-n1-2019.07-文字・語彙-2-13,2,13,ひしひしと,False,2,0.25,0.5,750
2019.07,sbry-n1-2019.07-文字・語彙-3-14,3,14,コンパクトな,False,0,0.25,0.25,750
2019.07,sbry-n1-2019.07-文字・語彙-3-15,3,15,極力,True,2,1.0,1.0,750
2019.07,sbry-n1-2019.07-文字・語彙-3-16,3,16,つぶやく,False,0,0.25,0.25,750
2019.07,sbry-n1-2019.07-文字・語彙-3-17,3,17,不審な,False,2,0.25,0.25,750
2019.07,sbry-n1-2019.07-文字・語彙-3-18,3,18,ばてて,False,1,0.25,0.25,750
2019.07,sbry-n1-2019.07-文字・語彙-3-19,3,19,まっとうする,False,2,0.25,0.25,750
2019.07,sbry-n1-2019.07-文字・語彙-4-20,4,20,簡素,True,0,1.0,1.0,750
2019.07,sbry-n1-2019.07-文字・語彙-4-21,4,21,解明,False,0,0.25,0.25,750
2019.07,sbry-n1-2019.07-文字・語彙-4-22,4,22,ほほえましい,False,0,0.25,0.25,750
2019.07,sbry-n1-2019.07-文字・語彙-4-23,4,23,目安,False,0,0.25,0.25,750
2019.07,sbry-n1-2019.07-文字・語彙-4-24,4,24,様相,False,0,0.25,0.25,750
2019.07,sbry-n1-2019.07-文字・語彙-4-25,4,25,交える,False,0,0.25,0.25,750
2019.12,sbry-n1-2019.12-文字・語彙-1-1,1,1,披露,False,1,0.25,0.3333333333333333,750
2019.12,sbry-n1-2019.12-文字・語彙-1-2,1,2,砕けて,False,0,0.25,0.25,750
2019.12,sbry-n1-2019.12-文字・語彙-1-3,1,3,執着,False,0,0.25,0.25,750
2019.12,sbry-n1-2019.12-文字・語彙-1-4,1,4,債務,False,0,0.25,0.25,750
2019.12,sbry-n1-2019.12-文字・語彙-1-5,1,5,貢献,True,1,1.0,1.0,750
2019.12,sbry-n1-2019.12-文字・語彙-1-6,1,6,潔い,True,3,1.0,1.0,750
2019.12,sbry-n1-2019.12-文字・語彙-2-7,2,7,表明,True,1,1.0,1.0,750
2019.12,sbry-n1-2019.12-文字・語彙-2-8,2,8,精力的に,False,2,0.25,0.5,750
2019.12,sbry-n1-2019.12-文字・語彙-2-9,2,9,気がかり,False,1,0.25,0.3333333333333333,750
2019.12,sbry-n1-2019.12-文字・語彙-2-10,2,10,推移,True,1,1.0,1.0,750
2019.12,sbry-n1-2019.12-文字・語彙-2-11,2,11,危ぶまれて,True,2,1.0,1.0,750
2019.12,sbry-n1-2019.12-文字・語彙-2-12,2,12,ずっしりと,False,3,0.25,1.0,750
2019.12,sbry-n1-2019.12-文字・語彙-2-13,2,13,歴然,True,0,1.0,1.0,750
2019.12,sbry-n1-2019.12-文字・語彙-3-14,3,14,異例,False,1,0.25,0.25,750
2019.12,sbry-n1-2019.12-文字・語彙-3-15,3,15,打ち込んだ,True,3,1.0,1.0,750
2019.12,sbry-n1-2019.12-文字・語彙-3-16,3,16,ルーズ,True,1,1.0,1.0,750
2019.12,sbry-n1-2019.12-文字・語彙-3-17,3,17,つぶさに,False,2,0.25,0.25,750
2019.12,sbry-n1-2019.12-文字・語彙-3-18,3,18,脈絡,False,1,0.25,0.25,750
2019.12,sbry-n1-2019.12-文字・語彙-3-19,3,19,吟味,False,3,0.25,0.25,750
2019.12,sbry-n1-2019.12-文字・語彙-4-20,4,20,要望,True,0,1.0,1.0,750
2019.12,sbry-n1-2019.12-文字・語彙-4-21,4,21,覆す,True,0,1.0,1.0,750
2019.12,sbry-n1-2019.12-文字・語彙-4-22,4,22,繁盛,True,0,1.0,1.0,750
2019.12,sbry-n1-2019.12-文字・語彙-4-23,4,23,くじける,False,0,0.25,0.25,750
2019.12,sbry-n1-2019.12-文字・語彙-4-24,4,24,ひたむき,True,0,1.0,1.0,750
2019.12,sbry-n1-2019.12-文字・語彙-4-25,4,25,互角,True,0,1.0,1.0,750
2020.12,sbry-n1-2020.12-文字・語彙-1-1,1,1,干渉,False,1,0.25,0.3333333333333333,750
2020.12,sbry-n1-2020.12-文字・語彙-1-2,1,2,粘って,True,0,1.0,1.0,750
2020.12,sbry-n1-2020.12-文字・語彙-1-3,1,3,巧妙,True,0,1.0,1.0,750
2020.12,sbry-n1-2020.12-文字・語彙-1-4,1,4,促した,False,2,0.25,0.5,750
2020.12,sbry-n1-2020.12-文字・語彙-1-5,1,5,措置,False,2,0.25,0.5,750
2020.12,sbry-n1-2020.12-文字・語彙-1-6,1,6,振興,True,1,1.0,1.0,750
2020.12,sbry-n1-2020.12-文字・語彙-2-7,2,7,クレーム,True,3,1.0,1.0,750
2020.12,sbry-n1-2020.12-文字・語彙-2-8,2,8,経緯,True,3,1.0,1.0,750
2020.12,sbry-n1-2020.12-文字・語彙-2-9,2,9,壮大な,True,2,1.0,1.0,750
2020.12,sbry-n1-2020.12-文字・語彙-2-10,2,10,みっちり,False,0,0.25,0.25,750
2020.12,sbry-n1-2020.12-文字・語彙-2-11,2,11,撤去,False,2,0.25,0.5,750
2020.12,sbry-n1-2020.12-文字・語彙-2-12,2,12,危ぶまれて,True,1,1.0,1.0,750
2020.12,sbry-n1-2020.12-文字・語彙-2-13,2,13,うずうず,False,3,0.25,1.0,750
2020.12,sbry-n1-2020.12-文字・語彙-3-14,3,14,エキスパート,False,0,0.25,0.25,750
2020.12,sbry-n1-2020.12-文字・語彙-3-15,3,15,凝視,False,0,0.25,0.25,750
2020.12,sbry-n1-2020.12-文字・語彙-3-16,3,16,架空,False,1,0.25,0.25,750
2020.12,sbry-n1-2020.12-文字・語彙-3-17,3,17,かねがね,True,1,1.0,1.0,750
2020.12,sbry-n1-2020.12-文字・語彙-3-18,3,18,当面,True,3,1.0,1.0,750
2020.12,sbry-n1-2020.12-文字・語彙-3-19,3,19,ぼやいている,False,0,0.25,0.25,750
2020.12,sbry-n1-2020.12-文字・語彙-4-20,4,20,もはや,True,0,1.0,1.0,750
2020.12,sbry-n1-2020.12-文字・語彙-4-21,4,21,円滑,True,0,1.0,1.0,750
2020.12,sbry-n1-2020.12-文字・語彙-4-22,4,22,怠る,True,0,1.0,1.0,750
2020.12,sbry-n1-2020.12-文字・語彙-4-23,4,23,失脚,False,0,0.25,0.25,750
2020.12,sbry-n1-2020.12-文字・語彙-4-24,4,24,収容,True,0,1.0,1.0,750
2020.12,sbry-n1-2020.12-文字・語彙-4-25,4,25,実に,True,0,1.0,1.0,750
2021.07,sbry-n1-2021.07-文字・語彙-1-1,1,1,遺憾,False,2,0.25,0.5,750
2021.07,sbry-n1-2021.07-文字・語彙-1-2,1,2,閉鎖,False,0,0.25,0.25,750
2021.07,sbry-n1-2021.07-文字・語彙-1-3,1,3,心遣い,False,1,0.25,0.3333333333333333,750
2021.07,sbry-n1-2021.07-文字・語彙-1-4,1,4,憤った,True,1,1.0,1.0,750
2021.07,sbry-n1-2021.07-文字・語彙-1-5,1,5,貧富,True,0,1.0,1.0,750
2021.07,sbry-n1-2021.07-文字・語彙-1-6,1,6,治癒,False,0,0.25,0.25,750
2021.07,sbry-n1-2021.07-文字・語彙-2-7,2,7,却下,False,2,0.25,0.5,750
2021.07,sbry-n1-2021.07-文字・語彙-2-8,2,8,旺盛,False,1,0.25,0.3333333333333333,750
2021.07,sbry-n1-2021.07-文字・語彙-2-9,2,9,施されて,True,1,1.0,1.0,750
2021.07,sbry-n1-2021.07-文字・語彙-2-10,2,10,余波,False,0,0.25,0.25,750
2021.07,sbry-n1-2021.07-文字・語彙-2-11,2,11,目先,True,1,1.0,1.0,750
2021.07,sbry-n1-2021.07-文字・語彙-2-12,2,12,ぎくしゃく,False,1,0.25,0.3333333333333333,750
2021.07,sbry-n1-2021.07-文字・語彙-2-13,2,13,になう,True,3,1.0,1.0,750
2021.07,sbry-n1-2021.07-文字・語彙-3-14,3,14,寡黙な,False,0,0.25,0.25,750
2021.07,sbry-n1-2021.07-文字・語彙-3-15,3,15,紛糾した,False,1,0.25,0.25,750
2021.07,sbry-n1-2021.07-文字・語彙-3-16,3,16,ずれ込みそうだ,False,0,0.25,0.25,750
2021.07,sbry-n1-2021.07-文字・語彙-3-17,3,17,ろくに,False,3,0.25,0.25,750
2021.07,sbry-n1-2021.07-文字・語彙-3-18,3,18,スケ一ル,False,3,0.25,0.25,750
2021.07,sbry-n1-2021.07-文字・語彙-3-19,3,19,寄与,True,2,1.0,1.0,750
2021.07,sbry-n1-2021.07-文字・語彙-4-20,4,20,絶滅,False,0,0.25,0.25,750
2021.07,sbry-n1-2021.07-文字・語彙-4-21,4,21,素早い,True,0,1.0,1.0,750
2021.07,sbry-n1-2021.07-文字・語彙-4-22,4,22,露骨,False,0,0.25,0.25,750
2021.07,sbry-n1-2021.07-文字・語彙-4-23,4,23,交付,False,0,0.25,0.25,750
2021.07,sbry-n1-2021.07-文字・語彙-4-24,4,24,かたくな,True,0,1.0,1.0,750
2021.07,sbry-n1-2021.07-文字・語彙-4-25,4,25,なつく,False,0,0.25,0.25,750
2021.12,sbry-n1-2021.12-文字・語彙-1-1,1,1,錯覚,True,0,1.0,1.0,750
2021.12,sbry-n1-2021.12-文字・語彙-1-2,1,2,尊い,True,2,1.0,1.0,750
2021.12,sbry-n1-2021.12-文字・語彙-1-3,1,3,枯渇,False,2,0.25,0.5,750
2021.12,sbry-n1-2021.12-文字・語彙-1-4,1,4,慰めて,True,1,1.0,1.0,750
2021.12,sbry-n1-2021.12-文字・語彙-1-5,1,5,克明,True,2,1.0,1.0,750
2021.12,sbry-n1-2021.12-文字・語彙-1-6,1,6,緊迫,False,0,0.25,0.25,750
2021.12,sbry-n1-2021.12-文字・語彙-2-7,2,7,存続,False,1,0.25,0.3333333333333333,750
2021.12,sbry-n1-2021.12-文字・語彙-2-8,2,8,派,False,1,0.25,0.3333333333333333,750
2021.12,sbry-n1-2021.12-文字・語彙-2-9,2,9,風習,False,0,0.25,0.25,750
2021.12,sbry-n1-2021.12-文字・語彙-2-10,2,10,もどかしかった,False,0,0.25,0.25,750
2021.12,sbry-n1-2021.12-文字・語彙-2-11,2,11,熟知,False,2,0.25,0.5,750
2021.12,sbry-n1-2021.12-文字・語彙-2-12,2,12,めきめき,True,0,1.0,1.0,750
2021.12,sbry-n1-2021.12-文字・語彙-2-13,2,13,こじれて,False,1,0.25,0.3333333333333333,750
2021.12,sbry-n1-2021.12-文字・語彙-3-14,3,14,リスク,True,3,1.0,1.0,750
2021.12,sbry-n1-2021.12-文字・語彙-3-15,3,15,絶賛した,False,0,0.25,0.25,750
2021.12,sbry-n1-2021.12-文字・語彙-3-16,3,16,くつろいで,False,3,0.25,0.25,750
2021.12,sbry-n1-2021.12-文字・語彙-3-17,3,17,うやむや,False,1,0.25,0.25,750
2021.12,sbry-n1-2021.12-文字・語彙-3-18,3,18,出馬,False,0,0.25,0.25,750
2021.12,sbry-n1-2021.12-文字・語彙-3-19,3,19,お手上げ,True,3,1.0,1.0,750
2021.12,sbry-n1-2021.12-文字・語彙-4-20,4,20,均等,True,0,1.0,1.0,750
2021.12,sbry-n1-2021.12-文字・語彙-4-21,4,21,リタイア,False,0,0.25,0.25,750
2021.12,sbry-n1-2021.12-文字・語彙-4-22,4,22,押収,False,0,0.25,0.25,750
2021.12,sbry-n1-2021.12-文字・語彙-4-23,4,23,望ましい,False,0,0.25,0.25,750
2021.12,sbry-n1-2021.12-文字・語彙-4-24,4,24,本場,False,0,0.25,0.25,750
2021.12,sbry-n1-2021.12-文字・語彙-4-25,4,25,秘める,True,0,1.0,1.0,750
2022.07,sbry-n1-2022.07-文字・語彙-1-1,1,1,勇敢,False,0,0.25,0.25,750
2022.07,sbry-n1-2022.07-文字・語彙-1-2,1,2,忠告,True,0,1.0,1.0,750
2022.07,sbry-n1-2022.07-文字・語彙-1-3,1,3,慕って,True,1,1.0,1.0,750
2022.07,sbry-n1-2022.07-文字・語彙-1-4,1,4,施錠,False,0,0.25,0.25,750
2022.07,sbry-n1-2022.07-文字・語彙-1-5,1,5,沈下,False,0,0.25,0.25,750
2022.07,sbry-n1-2022.07-文字・語彙-1-6,1,6,阻まれて,True,2,1.0,1.0,750
2022.07,sbry-n1-2022.07-文字・語彙-2-7,2,7,軽快,False,1,0.25,0.3333333333333333,750
2022.07,sbry-n1-2022.07-文字・語彙-2-8,2,8,サイクル,False,0,0.25,0.25,750
2022.07,sbry-n1-2022.07-文字・語彙-2-9,2,9,仲裁,False,0,0.25,0.25,750
2022.07,sbry-n1-2022.07-文字・語彙-2-10,2,10,しわざ,True,2,1.0,1.0,750
2022.07,sbry-n1-2022.07-文字・語彙-2-11,2,11,発覚,False,2,0.25,0.5,750
2022.07,sbry-n1-2022.07-文字・語彙-2-12,2,12,すべすべ,False,0,0.25,0.25,750
2022.07,sbry-n1-2022.07-文字・語彙-2-13,2,13,かみ合わなく,False,1,0.25,0.3333333333333333,750
2022.07,sbry-n1-2022.07-文字・語彙-3-14,3,14,触発されて,True,1,0.25,0.3333333333333333,750
2022.07,sbry-n1-2022.07-文字・語彙-3-15,3,15,閉口して,False,3,0.25,0.25,750
2022.07,sbry-n1-2022.07-文字・語彙-3-16,3,16,気ままな,False,3,0.25,0.25,750
2022.07,sbry-n1-2022.07-文字・語彙-3-17,3,17,若干,True,3,1.0,1.0,750
2022.07,sbry-n1-2022.07-文字・語彙-3-18,3,18,手分け,True,0,1.0,1.0,750
2022.07,sbry-n1-2022.07-文字・語彙-3-19,3,19,てきぱき,True,2,0.25,0.5,750
2022.07,sbry-n1-2022.07-文字・語彙-4-20,4,20,結末,False,0,0.25,0.25,750
2022.07,sbry-n1-2022.07-文字・語彙-4-21,4,21,そそる,False,0,0.25,0.25,750
2022.07,sbry-n1-2022.07-文字・語彙-4-22,4,22,遮断,True,0,1.0,1.0,750
2022.07,sbry-n1-2022.07-文字・語彙-4-23,4,23,要請,True,0,1.0,1.0,750
2022.07,sbry-n1-2022.07-文字・語彙-4-24,4,24,ぎこちない,False,0,0.25,0.25,750
2022.07,sbry-n1-2022.07-文字・語彙-4-25,4,25,断じて,False,0,0.25,0.25,750
2022.12,sbry-n1-2022.12-文字・語彙-1-1,1,1,監督,True,0,1.0,1.0,750
2022.12,sbry-n1-2022.12-文字・語彙-1-2,1,2,派生,True,1,1.0,1.0,750
2022.12,sbry-n1-2022.12-文字・語彙-1-3,1,3,透けて,False,0,0.25,0.25,750
2022.12,sbry-n1-2022.12-文字・語彙-1-4,1,4,恩恵,False,1,0.25,0.3333333333333333,750
2022.12,sbry-n1-2022.12-文字・語彙-1-5,1,5,臨む,True,3,1.0,1.0,750
2022.12,sbry-n1-2022.12-文字・語彙-1-6,1,6,如実に,False,0,0.25,0.25,750
2022.12,sbry-n1-2022.12-文字・語彙-2-7,2,7,保護,True,2,1.0,1.0,750
2022.12,sbry-n1-2022.12-文字・語彙-2-8,2,8,忠実に,False,2,0.25,0.5,750
2022.12,sbry-n1-2022.12-文字・語彙-2-9,2,9,すくって,False,0,0.25,0.25,750
2022.12,sbry-n1-2022.12-文字・語彙-2-10,2,10,念願,True,1,1.0,1.0,750
2022.12,sbry-n1-2022.12-文字・語彙-2-11,2,11,ピント,False,0,0.25,0.25,750
2022.12,sbry-n1-2022.12-文字・語彙-2-12,2,12,食い込んだ,False,0,0.25,0.25,750
2022.12,sbry-n1-2022.12-文字・語彙-2-13,2,13,てっきり,False,2,0.25,0.5,750
2022.12,sbry-n1-2022.12-文字・語彙-3-14,3,14,調達した,True,2,1.0,1.0,750
2022.12,sbry-n1-2022.12-文字・語彙-3-15,3,15,温和,False,2,0.25,0.25,750
2022.12,sbry-n1-2022.12-文字・語彙-3-16,3,16,スポット,False,3,0.25,0.25,750
2022.12,sbry-n1-2022.12-文字・語彙-3-17,3,17,拮抗,False,3,0.25,0.25,750
2022.12,sbry-n1-2022.12-文字・語彙-3-18,3,18,風当たり,False,3,0.25,0.25,750
2022.12,sbry-n1-2022.12-文字・語彙-3-19,3,19,あどけない,False,1,0.25,0.25,750
2022.12,sbry-n1-2022.12-文字・語彙-4-20,4,20,出荷,False,0,0.25,0.25,750
2022.12,sbry-n1-2022.12-文字・語彙-4-21,4,21,譲る,True,0,1.0,1.0,750
2022.12,sbry-n1-2022.12-文字・語彙-4-22,4,22,底力,False,0,0.25,0.25,750
2022.12,sbry-n1-2022.12-文字・語彙-4-23,4,23,絶大,True,0,1.0,1.0,750
2022.12,sbry-n1-2022.12-文字・語彙-4-24,4,24,手痛い,False,0,0.25,0.25,750
2022.12,sbry-n1-2022.12-文字・語彙-4-25,4,25,誘致,False,0,0.25,0.25,750
2023.07,jlpt4you-2023.07-vocabulary-1-1,1,1,騒然,False,0,0.25,0.25,750
2023.07,jlpt4you-2023.07-vocabulary-1-2,1,2,諭した,False,1,0.25,0.3333333333333333,750
2023.07,jlpt4you-2023.07-vocabulary-1-3,1,3,秩序,False,0,0.25,0.25,750
2023.07,jlpt4you-2023.07-vocabulary-1-4,1,4,潜伏,False,0,0.25,0.25,750
2023.07,jlpt4you-2023.07-vocabulary-1-5,1,5,朗らか,False,0,0.25,0.25,750
2023.07,jlpt4you-2023.07-vocabulary-1-6,1,6,振興,True,1,1.0,1.0,750
2023.07,jlpt4you-2023.07-vocabulary-2-1,2,7,自立,False,0,0.25,0.25,750
2023.07,jlpt4you-2023.07-vocabulary-2-2,2,8,還元,True,1,1.0,1.0,750
2023.07,jlpt4you-2023.07-vocabulary-2-3,2,9,どんより,True,0,1.0,1.0,750
2023.07,jlpt4you-2023.07-vocabulary-2-4,2,10,ネック,False,2,0.25,0.5,750
2023.07,jlpt4you-2023.07-vocabulary-2-5,2,11,発散,True,2,1.0,1.0,750
2023.07,jlpt4you-2023.07-vocabulary-2-6,2,12,まぎらわしい,True,1,1.0,1.0,750
2023.07,jlpt4you-2023.07-vocabulary-2-7,2,13,行き届いて,False,0,0.25,0.25,750
2023.07,jlpt4you-2023.07-vocabulary-3-1,3,14,懸念,False,2,0.25,0.25,750
2023.07,jlpt4you-2023.07-vocabulary-3-2,3,15,やつれて,False,3,0.25,0.25,750
2023.07,jlpt4you-2023.07-vocabulary-3-3,3,16,奮闘して,False,0,0.25,0.25,750
2023.07,jlpt4you-2023.07-vocabulary-3-4,3,17,不慮,False,1,0.25,0.25,750
2023.07,jlpt4you-2023.07-vocabulary-3-5,3,18,根こそぎ,False,3,0.25,0.25,750
2023.07,jlpt4you-2023.07-vocabulary-3-6,3,19,没頭,True,2,1.0,1.0,750
2023.07,jlpt4you-2023.07-vocabulary-4-1,4,20,兆し,True,0,1.0,1.0,750
2023.07,jlpt4you-2023.07-vocabulary-4-2,4,21,収容,True,0,1.0,1.0,750
2023.07,jlpt4you-2023.07-vocabulary-4-3,4,22,さえる,False,0,0.25,0.25,750
2023.07,jlpt4you-2023.07-vocabulary-4-4,4,23,痛烈,False,0,0.25,0.25,750
2023.07,jlpt4you-2023.07-vocabulary-4-5,4,24,完結,True,0,1.0,1.0,750
2023.07,jlpt4you-2023.07-vocabulary-4-6,4,25,もろい,False,0,0.25,0.25,750
2023.12,jlpt4you-2023.12-vocabulary-1-1,1,1,軌跡,True,0,1.0,1.0,750
2023.12,jlpt4you-2023.12-vocabulary-1-2,1,2,偏り,True,2,1.0,1.0,750
2023.12,jlpt4you-2023.12-vocabulary-1-3,1,3,矛盾,False,0,0.25,0.25,750
2023.12,jlpt4you-2023.12-vocabulary-1-4,1,4,誇張,True,0,1.0,1.0,750
2023.12,jlpt4you-2023.12-vocabulary-1-5,1,5,賄って,True,1,1.0,1.0,750
2023.12,jlpt4you-2023.12-vocabulary-1-6,1,6,軽率,True,0,1.0,1.0,750
2023.12,jlpt4you-2023.12-vocabulary-2-1,2,7,快挙,False,0,0.25,0.25,750
2023.12,jlpt4you-2023.12-vocabulary-2-2,2,8,助長,False,1,0.25,0.3333333333333333,750
2023.12,jlpt4you-2023.12-vocabulary-2-3,2,9,見返り,False,2,0.25,0.5,750
2023.12,jlpt4you-2023.12-vocabulary-2-4,2,10,結成,False,0,0.25,0.25,750
2023.12,jlpt4you-2023.12-vocabulary-2-5,2,11,手配,False,1,0.25,0.3333333333333333,750
2023.12,jlpt4you-2023.12-vocabulary-2-6,2,12,つくづく,False,1,0.25,0.3333333333333333,750
2023.12,jlpt4you-2023.12-vocabulary-2-7,2,13,ほぐれて,False,3,0.25,1.0,750
2023.12,jlpt4you-2023.12-vocabulary-3-1,3,14,尺度,False,1,0.25,0.25,750
2023.12,jlpt4you-2023.12-vocabulary-3-2,3,15,わずらわしい,True,2,1.0,1.0,750
2023.12,jlpt4you-2023.12-vocabulary-3-3,3,16,肝心な,True,1,1.0,1.0,750
2023.12,jlpt4you-2023.12-vocabulary-3-4,3,17,はかどりました,True,2,1.0,1.0,750
2023.12,jlpt4you-2023.12-vocabulary-3-5,3,18,辛抱,False,3,0.25,0.25,750
2023.12,jlpt4you-2023.12-vocabulary-3-6,3,19,しきたり,False,0,0.25,0.25,750
2023.12,jlpt4you-2023.12-vocabulary-4-1,4,20,解約,False,0,0.25,0.25,750
2023.12,jlpt4you-2023.12-vocabulary-4-2,4,21,特産,False,0,0.25,0.25,750
2023.12,jlpt4you-2023.12-vocabulary-4-3,4,22,問い詰める,False,0,0.25,0.25,750
2023.12,jlpt4you-2023.12-vocabulary-4-4,4,23,改修,False,0,0.25,0.25,750
2023.12,jlpt4you-2023.12-vocabulary-4-5,4,24,手厚い,False,0,0.25,0.25,750
2023.12,jlpt4you-2023.12-vocabulary-4-6,4,25,デマ,False,0,0.25,0.25,750
2024.07,jlpt4you-2024.07-vocabulary-1-1,1,1,腐敗,False,0,0.25,0.25,750
2024.07,jlpt4you-2024.07-vocabulary-1-2,1,2,粗い,False,1,0.25,0.3333333333333333,750
2024.07,jlpt4you-2024.07-vocabulary-1-3,1,3,粘膜,False,0,0.25,0.25,750
2024.07,jlpt4you-2024.07-vocabulary-1-4,1,4,寿命,False,0,0.25,0.25,750
2024.07,jlpt4you-2024.07-vocabulary-1-5,1,5,戒める,True,1,1.0,1.0,750
2024.07,jlpt4you-2024.07-vocabulary-1-6,1,6,誓約書,False,0,0.25,0.25,750
2024.07,jlpt4you-2024.07-vocabulary-2-1,2,7,根底,False,1,0.25,0.3333333333333333,750
2024.07,jlpt4you-2024.07-vocabulary-2-2,2,8,返上,True,2,1.0,1.0,750
2024.07,jlpt4you-2024.07-vocabulary-2-3,2,9,取り次いで,False,1,0.25,0.3333333333333333,750
2024.07,jlpt4you-2024.07-vocabulary-2-4,2,10,交錯,True,0,1.0,1.0,750
2024.07,jlpt4you-2024.07-vocabulary-2-5,2,11,難航,False,0,0.25,0.25,750
2024.07,jlpt4you-2024.07-vocabulary-2-6,2,12,がやがや,False,1,0.25,0.3333333333333333,750
2024.07,jlpt4you-2024.07-vocabulary-2-7,2,13,足手まとい,False,0,0.25,0.25,750
2024.07,jlpt4you-2024.07-vocabulary-3-1,3,14,委託する,True,2,0.25,0.5,750
2024.07,jlpt4you-2024.07-vocabulary-3-2,3,15,すがすがしい,True,1,1.0,1.0,750
2024.07,jlpt4you-2024.07-vocabulary-3-3,3,16,工面,True,3,1.0,1.0,750
2024.07,jlpt4you-2024.07-vocabulary-3-4,3,17,ぞんざいな,False,3,0.25,0.25,750
2024.07,jlpt4you-2024.07-vocabulary-3-5,3,18,うなだれて,True,0,0.25,0.25,750
2024.07,jlpt4you-2024.07-vocabulary-3-6,3,19,打撃,True,1,1.0,1.0,750
2024.07,jlpt4you-2024.07-vocabulary-4-1,4,20,風潮,False,0,0.25,0.25,750
2024.07,jlpt4you-2024.07-vocabulary-4-2,4,21,もたらす,False,0,0.25,0.25,750
2024.07,jlpt4you-2024.07-vocabulary-4-3,4,22,撤回,True,0,1.0,1.0,750
2024.07,jlpt4you-2024.07-vocabulary-4-4,4,23,補填,False,0,0.25,0.25,750
2024.07,jlpt4you-2024.07-vocabulary-4-5,4,24,コンスタント,True,0,1.0,1.0,750
2024.07,jlpt4you-2024.07-vocabulary-4-6,4,25,ずばり,False,0,0.25,0.25,750
2024.12,jlpt4you-2024.12-vocabulary-1-1,1,1,絶叫,False,0,0.25,0.25,750
2024.12,jlpt4you-2024.12-vocabulary-1-2,1,2,背後,True,1,1.0,1.0,750
2024.12,jlpt4you-2024.12-vocabulary-1-3,1,3,抱負,True,0,1.0,1.0,750
2024.12,jlpt4you-2024.12-vocabulary-1-4,1,4,侮って,False,3,0.25,1.0,750
2024.12,jlpt4you-2024.12-vocabulary-1-5,1,5,筋道,False,0,0.25,0.25,750
2024.12,jlpt4you-2024.12-vocabulary-1-6,1,6,奔放,False,0,0.25,0.25,750
2024.12,jlpt4you-2024.12-vocabulary-2-1,2,7,適応,True,3,1.0,1.0,750
2024.12,jlpt4you-2024.12-vocabulary-2-2,2,8,掲げて,True,2,1.0,1.0,750
2024.12,jlpt4you-2024.12-vocabulary-2-3,2,9,踏襲,True,0,1.0,1.0,750
2024.12,jlpt4you-2024.12-vocabulary-2-4,2,10,足止め,False,0,0.25,0.25,750
2024.12,jlpt4you-2024.12-vocabulary-2-5,2,11,へとへと,True,1,1.0,1.0,750
2024.12,jlpt4you-2024.12-vocabulary-2-6,2,12,払拭,False,0,0.25,0.25,750
2024.12,jlpt4you-2024.12-vocabulary-2-7,2,13,とっさに,False,2,0.25,0.5,750
2024.12,jlpt4you-2024.12-vocabulary-3-1,3,14,手腕,False,3,0.25,0.25,750
2024.12,jlpt4you-2024.12-vocabulary-3-2,3,15,ロスして,False,2,0.25,0.25,750
2024.12,jlpt4you-2024.12-vocabulary-3-3,3,16,おろそかに,False,1,0.25,0.25,750
2024.12,jlpt4you-2024.12-vocabulary-3-4,3,17,目下,False,2,0.25,0.25,750
2024.12,jlpt4you-2024.12-vocabulary-3-5,3,18,請け負う,False,2,0.25,0.25,750
2024.12,jlpt4you-2024.12-vocabulary-3-6,3,19,進呈しました,True,1,0.25,0.3333333333333333,750
2024.12,jlpt4you-2024.12-vocabulary-4-1,4,20,加工,True,0,1.0,1.0,750
2024.12,jlpt4you-2024.12-vocabulary-4-2,4,21,養う,False,0,0.25,0.25,750
2024.12,jlpt4you-2024.12-vocabulary-4-3,4,22,資質,False,0,0.25,0.25,750
2024.12,jlpt4you-2024.12-vocabulary-4-4,4,23,正当,False,0,0.25,0.25,750
2024.12,jlpt4you-2024.12-vocabulary-4-5,4,24,ありきたり,True,0,1.0,1.0,750
2024.12,jlpt4you-2024.12-vocabulary-4-6,4,25,間柄,False,0,0.25,0.25,750
2025.07,markdown-2025.07-language-1,1,1,余暇,False,2,0.25,0.5,750
2025.07,markdown-2025.07-language-2,1,2,鈍い,True,2,1.0,1.0,750
2025.07,markdown-2025.07-language-3,1,3,検閲,False,1,0.25,0.3333333333333333,750
2025.07,markdown-2025.07-language-4,1,4,崇高,False,0,0.25,0.25,750
2025.07,markdown-2025.07-language-5,1,5,裁く,False,1,0.25,0.3333333333333333,750
2025.07,markdown-2025.07-language-6,1,6,胸中,False,0,0.25,0.25,750
2025.07,markdown-2025.07-language-7,2,7,合併,True,1,1.0,1.0,750
2025.07,markdown-2025.07-language-8,2,8,手先,False,1,0.25,0.3333333333333333,750
2025.07,markdown-2025.07-language-9,2,9,ごまかして,False,2,0.25,0.5,750
2025.07,markdown-2025.07-language-10,2,10,加筆,False,0,0.25,0.25,750
2025.07,markdown-2025.07-language-11,2,11,ブランク,True,0,1.0,1.0,750
2025.07,markdown-2025.07-language-12,2,12,うすうす,True,2,1.0,1.0,750
2025.07,markdown-2025.07-language-13,2,13,脳裏,True,1,1.0,1.0,750
2025.07,markdown-2025.07-language-14,3,14,着手して,False,1,0.25,0.25,750
2025.07,markdown-2025.07-language-15,3,15,トレンド,False,2,0.25,0.25,750
2025.07,markdown-2025.07-language-16,3,16,破格の,False,0,0.25,0.25,750
2025.07,markdown-2025.07-language-17,3,17,冷やかして,False,2,0.25,0.25,750
2025.07,markdown-2025.07-language-18,3,18,けげんな,False,0,0.25,0.25,750
2025.07,markdown-2025.07-language-19,3,19,ことごとく,True,3,1.0,1.0,750
2025.07,markdown-2025.07-language-20,4,20,保留,False,0,0.25,0.25,750
2025.07,markdown-2025.07-language-21,4,21,緩和,True,0,1.0,1.0,750
2025.07,markdown-2025.07-language-22,4,22,程遠い,False,0,0.25,0.25,750
2025.07,markdown-2025.07-language-23,4,23,まろやか,False,0,0.25,0.25,750
2025.07,markdown-2025.07-language-24,4,24,脱却,True,0,1.0,1.0,750
2025.07,markdown-2025.07-language-25,4,25,使いこなす,False,0,0.25,0.25,750
2025.12,markdown-2025.12-language-1,1,1,頑丈,False,0,0.25,0.25,750
2025.12,markdown-2025.12-language-2,1,2,潜んで,False,3,0.25,1.0,750
2025.12,markdown-2025.12-language-3,1,3,行政,False,0,0.25,0.25,750
2025.12,markdown-2025.12-language-4,1,4,卓越,False,0,0.25,0.25,750
2025.12,markdown-2025.12-language-5,1,5,芳しく,False,0,0.25,0.25,750
2025.12,markdown-2025.12-language-6,1,6,管轄,False,0,0.25,0.25,750
2025.12,markdown-2025.12-language-7,2,7,一環,True,2,1.0,1.0,750
2025.12,markdown-2025.12-language-8,2,8,リード,False,1,0.25,0.3333333333333333,750
2025.12,markdown-2025.12-language-9,2,9,互角,True,1,1.0,1.0,750
2025.12,markdown-2025.12-language-10,2,10,割り当てる,True,1,1.0,1.0,750
2025.12,markdown-2025.12-language-11,2,11,周到な,False,1,0.25,0.3333333333333333,750
2025.12,markdown-2025.12-language-12,2,12,ひとまず,True,1,1.0,1.0,750
2025.12,markdown-2025.12-language-13,2,13,むしゃくしゃ,False,2,0.25,0.5,750
2025.12,markdown-2025.12-language-14,3,14,誇張,True,1,0.25,0.3333333333333333,750
2025.12,markdown-2025.12-language-15,3,15,ひそかに,True,3,1.0,1.0,750
2025.12,markdown-2025.12-language-16,3,16,試練,False,3,0.25,0.25,750
2025.12,markdown-2025.12-language-17,3,17,うろたえる,True,1,1.0,1.0,750
2025.12,markdown-2025.12-language-18,3,18,当面,True,2,1.0,1.0,750
2025.12,markdown-2025.12-language-19,3,19,自前,False,0,0.25,0.25,750
2025.12,markdown-2025.12-language-20,4,20,運用,False,0,0.25,0.25,750
2025.12,markdown-2025.12-language-21,4,21,抜き打ち,False,0,0.25,0.25,750
2025.12,markdown-2025.12-language-22,4,22,かすれる,True,0,1.0,1.0,750
2025.12,markdown-2025.12-language-23,4,23,緻密,False,0,0.25,0.25,750
2025.12,markdown-2025.12-language-24,4,24,迫力,True,0,1.0,1.0,750
2025.12,markdown-2025.12-language-25,4,25,目まぐるしい,True,0,1.0,1.0,750
